require,common

addpath,zonetool_paths_h2
addpath,zonetool_paths_h1

weapon,killstreak_sentry_sp
weapon,killstreak_sentry_gl_sp

material,h1_headicon_marines
material,h1_headicon_sas

stringtable,mp/attachoverrides.csv

xmodel,attach_h1_optics_reticle_holosight_vm
xmodel,attach_h1_optics_holosight_npc

localize,WEAPON_AK47
localize,WEAPON_AK74U
localize,WEAPON_BOS14
localize,WEAPON_PROKOLOT
localize,WEAPON_FANG45
localize,WEAPON_LYNXCQ300
localize,WEAPON_BR9
localize,WEAPON_PKPSD9
localize,WEAPON_BARRETT
localize,WEAPON_BERETTA
localize,WEAPON_C4
localize,WEAPON_CLAYMORE
localize,WEAPON_COLT45
localize,WEAPON_ANACONDA
localize,WEAPON_CONCUSSION_GRENADE
localize,WEAPON_DESERTEAGLE55
localize,WEAPON_DESERTEAGLE
localize,WEAPON_DRAGUNOV
localize,WEAPON_XMLAR
localize,WEAPON_PKM
localize,WEAPON_MAC10
localize,WEAPON_DMR25S
localize,WEAPON_FLASH_GRENADE
localize,WEAPON_M2FRAGGRENADE
localize,WEAPON_M2FRAGGRENADE
localize,WEAPON_G36C
localize,WEAPON_G3
localize,WEAPON_GALIL
localize,WEAPON_MAGNUM
localize,WEAPON_BEREDMK8
localize,WEAPON_RANGER
localize,WEAPON_STAC330
localize,WEAPON_KAM12
localize,WEAPON_BENELLI
localize,WEAPON_M14
localize,WEAPON_M16
localize,WEAPON_M21
localize,WEAPON_M240
localize,WEAPON_M40A3
localize,WEAPON_M4_CARBINE
localize,WEAPON_M60E4
localize,WEAPON_UZI
localize,WEAPON_MELEECAVEMAN
localize,WEAPON_MELEEPROKOLOT
localize,WEAPON_MELEEDIABOLICAL
localize,WEAPON_MELEESAWTOOTH
localize,WEAPON_RPGDUD
localize,WEAPON_RAZOR
localize,WEAPON_MELEETACTICALKNIFE
localize,WEAPON_MELEEBATON
localize,WEAPON_MELEEBAYONET
localize,WEAPON_MELEEBLADE
localize,WEAPON_MELEEBOTTLE
localize,WEAPON_MELEEWRENCH
localize,WEAPON_MELEEKNUCKLEKNIFE
localize,WEAPON_MELEEKATANA
localize,WEAPON_MELEETRUCKERSTOOL
localize,WEAPON_MELEESHILLELAGH
localize,WEAPON_MELEEBAYONET
localize,WEAPON_MELEEBAYONET
localize,WEAPON_MELEE_GLADIUS
localize,WEAPON_MELEE_HATCHET
localize,WEAPON_MELEEICEPICK
localize,WEAPON_MELEE_BLUDGEON
localize,WEAPON_MELEE_RELIC
localize,WEAPON_MELEE_NAUTICUS
localize,WEAPON_MELEE_SUMMERTIME
localize,WEAPON_MELEE_TRIBAL
localize,WEAPON_MELEE_RANGER
localize,WEAPON_MELEEPADDLE
localize,WEAPON_MELEESHOVEL
localize,WEAPON_MELEE_SICKLE
localize,WEAPON_MP44
localize,WEAPON_MP5H1
localize,WEAPON_P90
localize,WEAPON_PP2000
localize,WEAPON_REMINGTON700
localize,WEAPON_RPD
localize,WEAPON_RPG
localize,WEAPON_SAW
localize,WEAPON_SKORPION
localize,WEAPON_SMOKE_GRENADE
localize,WEAPON_STRIKER
localize,WEAPON_USP
localize,WEAPON_UZI
localize,WEAPON_DRAGUNOV
localize,WEAPON_WINCHESTER1200
localize,WEAPON_XMLAR

weapon,h1_ak47_mp
weapon,h1_ak74u_mp
weapon,h1_aprast_mp
weapon,h1_aprpst_mp
weapon,h1_aprsmg_mp
weapon,h1_augast_mp
weapon,h1_augpst_mp
weapon,h1_augsmg_mp
weapon,h1_barrett_mp
weapon,h1_beretta_mp
weapon,h1_colt45_mp
weapon,h1_coltanaconda_mp
weapon,h1_deserteagle55_mp
weapon,h1_deserteagle_mp
weapon,h1_dragunov_mp
weapon,h1_feblmg_mp
weapon,h1_febsmg_mp
weapon,h1_febsnp_mp
weapon,h1_g36c_mp
weapon,h1_g3_mp
weapon,h1_janpst_mp
weapon,h1_junlmg_mp
weapon,h1_junsho_mp
weapon,h1_junsnp_mp
weapon,h1_kam12_mp
weapon,h1_m1014_mp
weapon,h1_m14_mp
weapon,h1_m16_mp
weapon,h1_m21_mp
weapon,h1_m240_mp
weapon,h1_m40a3_mp
weapon,h1_m4_mp
weapon,h1_m60e4_mp
weapon,h1_mac10_mp
weapon,h1_mp44_mp
weapon,h1_mp5_mp
weapon,h1_p90_mp
weapon,h1_pp2000_mp
weapon,h1_remington700_mp
weapon,h1_rpd_mp
weapon,h1_saw_mp
weapon,h1_skorpion_mp
weapon,h1_usp_mp
weapon,h1_uzi_mp
weapon,h1_winchester1200_mp
weapon,h1_xmlar_mp

attachment,acogmwr
attachment,acogmwrak47
attachment,acogmwrak74u
attachment,acogmwraprast
attachment,acogmwraprsmg
attachment,acogmwraugast
attachment,acogmwraugsmg
attachment,acogmwrbarrett
attachment,acogmwrdmr25
attachment,acogmwrdragunov
attachment,acogmwrfeblmg
attachment,acogmwrfebsmg
attachment,acogmwrg3
attachment,acogmwrg36c
attachment,acogmwrjunlmg
attachment,acogmwrjunsnp
attachment,acogmwrm14
attachment,acogmwrm16
attachment,acogmwrm21
attachment,acogmwrm4
attachment,acogmwrm40a3
attachment,acogmwrm60e4
attachment,acogmwrmp5
attachment,acogmwrp90
attachment,acogmwrremington700
attachment,acogmwrrpd
attachment,acogmwrsaw
attachment,acogmwrskorpion
attachment,acogmwruzi
attachment,acogmwrxmlar
attachment,glmwr
attachment,glmwrak47
attachment,glmwraprast
attachment,glmwraugast
attachment,glmwrg3
attachment,glmwrg36c
attachment,glmwrm14
attachment,glmwrm16
attachment,glmwrm4
attachment,glmwrxmlar
attachment,glpremwr
attachment,glpremwrak47
attachment,glpremwraugast
attachment,glpremwrg3
attachment,glpremwrg36c
attachment,glpremwrm14
attachment,glpremwrm16
attachment,glpremwrm4
attachment,gripmwr
attachment,gripmwrfeblmg
attachment,gripmwrjunlmg
attachment,gripmwrkam12
attachment,gripmwrm1014
attachment,gripmwrm60e4
attachment,gripmwrrpd
attachment,gripmwrsaw
attachment,gripmwrwinchester1200
attachment,reflexmwr
attachment,reflexmwrak47
attachment,reflexmwrak74u
attachment,reflexmwraprsmg
attachment,reflexmwraugast
attachment,reflexmwraugsmg
attachment,reflexmwrfeblmg
attachment,reflexmwrg3
attachment,reflexmwrg36c
attachment,reflexmwrjunlmg
attachment,reflexmwrm1014
attachment,reflexmwrm14
attachment,reflexmwrm16
attachment,reflexmwrm4
attachment,reflexmwrm60e4
attachment,reflexmwrmp5
attachment,reflexmwrp90
attachment,reflexmwrrpd
attachment,reflexmwrsaw
attachment,reflexmwrskorpion
attachment,reflexmwruzi
attachment,reflexmwrwinchester1200
attachment,reflexvarmwr

attachment,barrettscope
attachment,dragunovscope
attachment,febsnpscope
attachment,junsnpscope
attachment,m21scope
attachment,m40a3scope
attachment,remington700scope

xanim,h1_wpn_asl_ak47_acog_ads_down
xanim,h1_wpn_asl_ak47_acog_ads_fire
xanim,h1_wpn_asl_ak47_acog_ads_up
xanim,h1_wpn_asl_ak47_acog_gl_ads_fire
xanim,h1_wpn_asl_ak47_ads_down
xanim,h1_wpn_asl_ak47_ads_fire
xanim,h1_wpn_asl_ak47_ads_up
xanim,h1_wpn_asl_ak47_empty_additive
xanim,h1_wpn_asl_ak47_fire
xanim,h1_wpn_asl_ak47_gl_ads_fire
xanim,h1_wpn_asl_ak47_gl_fire
xanim,h1_wpn_asl_ak47_gl_grenade_2_bullet
xanim,h1_wpn_asl_ak47_gl_grenade_bullet_2_grenade
xanim,h1_wpn_asl_ak47_gl_grenade_fire
xanim,h1_wpn_asl_ak47_gl_grenade_idle
xanim,h1_wpn_asl_ak47_gl_grenade_pullout
xanim,h1_wpn_asl_ak47_gl_grenade_pullout_quick
xanim,h1_wpn_asl_ak47_gl_grenade_putaway
xanim,h1_wpn_asl_ak47_gl_grenade_putaway_quick
xanim,h1_wpn_asl_ak47_gl_grenade_reload
xanim,h1_wpn_asl_ak47_gl_grenade_sprint_in
xanim,h1_wpn_asl_ak47_gl_grenade_sprint_loop
xanim,h1_wpn_asl_ak47_gl_grenade_sprint_out
xanim,h1_wpn_asl_ak47_gl_idle
xanim,h1_wpn_asl_ak47_gl_inspect
xanim,h1_wpn_asl_ak47_gl_pullout
xanim,h1_wpn_asl_ak47_gl_pullout_first
xanim,h1_wpn_asl_ak47_gl_pullout_quick
xanim,h1_wpn_asl_ak47_gl_putaway
xanim,h1_wpn_asl_ak47_gl_putaway_quick
xanim,h1_wpn_asl_ak47_gl_reload
xanim,h1_wpn_asl_ak47_gl_reload_empty
xanim,h1_wpn_asl_ak47_gl_settle
xanim,h1_wpn_asl_ak47_gl_sprint_in
xanim,h1_wpn_asl_ak47_gl_sprint_loop
xanim,h1_wpn_asl_ak47_gl_sprint_out
xanim,h1_wpn_asl_ak47_idle
xanim,h1_wpn_asl_ak47_inspect
xanim,h1_wpn_asl_ak47_pullout
xanim,h1_wpn_asl_ak47_pullout_first
xanim,h1_wpn_asl_ak47_pullout_quick
xanim,h1_wpn_asl_ak47_putaway
xanim,h1_wpn_asl_ak47_putaway_quick
xanim,h1_wpn_asl_ak47_recoil
xanim,h1_wpn_asl_ak47_reflex_ads_down
xanim,h1_wpn_asl_ak47_reflex_ads_up
xanim,h1_wpn_asl_ak47_reload
xanim,h1_wpn_asl_ak47_reload_empty
xanim,h1_wpn_asl_ak47_settle
xanim,h1_wpn_asl_ak47_sprint_in
xanim,h1_wpn_asl_ak47_sprint_loop
xanim,h1_wpn_asl_ak47_sprint_out
xanim,h1_wpn_asl_bos14_acog_ads_down
xanim,h1_wpn_asl_bos14_acog_ads_fire
xanim,h1_wpn_asl_bos14_acog_ads_fire_last
xanim,h1_wpn_asl_bos14_acog_ads_up
xanim,h1_wpn_asl_bos14_ads_down
xanim,h1_wpn_asl_bos14_ads_fire
xanim,h1_wpn_asl_bos14_ads_fire_last
xanim,h1_wpn_asl_bos14_ads_up
xanim,h1_wpn_asl_bos14_empty_additive
xanim,h1_wpn_asl_bos14_fire
xanim,h1_wpn_asl_bos14_fire_last
xanim,h1_wpn_asl_bos14_gl_ads_fire
xanim,h1_wpn_asl_bos14_gl_ads_fire_last
xanim,h1_wpn_asl_bos14_gl_fire
xanim,h1_wpn_asl_bos14_gl_fire_last
xanim,h1_wpn_asl_bos14_gl_grenade_2_bullet
xanim,h1_wpn_asl_bos14_gl_grenade_bullet_2_grenade
xanim,h1_wpn_asl_bos14_gl_grenade_empty_additive
xanim,h1_wpn_asl_bos14_gl_grenade_fire
xanim,h1_wpn_asl_bos14_gl_grenade_fire_last
xanim,h1_wpn_asl_bos14_gl_grenade_idle
xanim,h1_wpn_asl_bos14_gl_grenade_pullout
xanim,h1_wpn_asl_bos14_gl_grenade_pullout_quick
xanim,h1_wpn_asl_bos14_gl_grenade_putaway
xanim,h1_wpn_asl_bos14_gl_grenade_putaway_quick
xanim,h1_wpn_asl_bos14_gl_grenade_reload
xanim,h1_wpn_asl_bos14_gl_grenade_sprint_in
xanim,h1_wpn_asl_bos14_gl_grenade_sprint_loop
xanim,h1_wpn_asl_bos14_gl_grenade_sprint_out
xanim,h1_wpn_asl_bos14_gl_idle
xanim,h1_wpn_asl_bos14_gl_inspect
xanim,h1_wpn_asl_bos14_gl_pullout
xanim,h1_wpn_asl_bos14_gl_pullout_first
xanim,h1_wpn_asl_bos14_gl_pullout_quick
xanim,h1_wpn_asl_bos14_gl_putaway
xanim,h1_wpn_asl_bos14_gl_putaway_quick
xanim,h1_wpn_asl_bos14_gl_reload
xanim,h1_wpn_asl_bos14_gl_reload_empty
xanim,h1_wpn_asl_bos14_gl_settle
xanim,h1_wpn_asl_bos14_gl_sprint_in
xanim,h1_wpn_asl_bos14_gl_sprint_loop
xanim,h1_wpn_asl_bos14_gl_sprint_out
xanim,h1_wpn_asl_bos14_idle
xanim,h1_wpn_asl_bos14_inspect
xanim,h1_wpn_asl_bos14_jump
xanim,h1_wpn_asl_bos14_land
xanim,h1_wpn_asl_bos14_mantle_33_up
xanim,h1_wpn_asl_bos14_pullout
xanim,h1_wpn_asl_bos14_pullout_first
xanim,h1_wpn_asl_bos14_pullout_quick
xanim,h1_wpn_asl_bos14_putaway
xanim,h1_wpn_asl_bos14_putaway_quick
xanim,h1_wpn_asl_bos14_recoil
xanim,h1_wpn_asl_bos14_reflex_ads_down
xanim,h1_wpn_asl_bos14_reflex_ads_up
xanim,h1_wpn_asl_bos14_reload
xanim,h1_wpn_asl_bos14_reload_empty
xanim,h1_wpn_asl_bos14_settle
xanim,h1_wpn_asl_bos14_sprint_in
xanim,h1_wpn_asl_bos14_sprint_loop
xanim,h1_wpn_asl_bos14_sprint_out
xanim,h1_wpn_asl_g36c_acog_ads_down
xanim,h1_wpn_asl_g36c_acog_ads_fire
xanim,h1_wpn_asl_g36c_acog_ads_up
xanim,h1_wpn_asl_g36c_ads_down
xanim,h1_wpn_asl_g36c_ads_fire
xanim,h1_wpn_asl_g36c_ads_up
xanim,h1_wpn_asl_g36c_fire
xanim,h1_wpn_asl_g36c_gl_ads_fire
xanim,h1_wpn_asl_g36c_gl_fire
xanim,h1_wpn_asl_g36c_gl_grenade_2_bullet
xanim,h1_wpn_asl_g36c_gl_grenade_bullet_2_grenade
xanim,h1_wpn_asl_g36c_gl_grenade_fire
xanim,h1_wpn_asl_g36c_gl_grenade_idle
xanim,h1_wpn_asl_g36c_gl_grenade_pullout
xanim,h1_wpn_asl_g36c_gl_grenade_pullout_quick
xanim,h1_wpn_asl_g36c_gl_grenade_putaway_quick
xanim,h1_wpn_asl_g36c_gl_grenade_reload
xanim,h1_wpn_asl_g36c_gl_grenade_sprint_in
xanim,h1_wpn_asl_g36c_gl_grenade_sprint_loop
xanim,h1_wpn_asl_g36c_gl_grenade_sprint_out
xanim,h1_wpn_asl_g36c_gl_idle
xanim,h1_wpn_asl_g36c_gl_inspect
xanim,h1_wpn_asl_g36c_gl_pullout
xanim,h1_wpn_asl_g36c_gl_pullout_quick
xanim,h1_wpn_asl_g36c_gl_putaway_quick
xanim,h1_wpn_asl_g36c_gl_reload
xanim,h1_wpn_asl_g36c_gl_reload_empty
xanim,h1_wpn_asl_g36c_gl_settle
xanim,h1_wpn_asl_g36c_gl_sprint_in
xanim,h1_wpn_asl_g36c_gl_sprint_loop
xanim,h1_wpn_asl_g36c_gl_sprint_out
xanim,h1_wpn_asl_g36c_idle
xanim,h1_wpn_asl_g36c_inspect
xanim,h1_wpn_asl_g36c_pullout
xanim,h1_wpn_asl_g36c_pullout_quick
xanim,h1_wpn_asl_g36c_putaway_quick
xanim,h1_wpn_asl_g36c_recoil
xanim,h1_wpn_asl_g36c_reflex_ads_down
xanim,h1_wpn_asl_g36c_reflex_ads_up
xanim,h1_wpn_asl_g36c_reload
xanim,h1_wpn_asl_g36c_reload_empty
xanim,h1_wpn_asl_g36c_settle
xanim,h1_wpn_asl_g36c_sprint_in
xanim,h1_wpn_asl_g36c_sprint_loop
xanim,h1_wpn_asl_g36c_sprint_out
xanim,h1_wpn_asl_g3_acog_ads_down
xanim,h1_wpn_asl_g3_acog_ads_fire
xanim,h1_wpn_asl_g3_acog_ads_up
xanim,h1_wpn_asl_g3_ads_down
xanim,h1_wpn_asl_g3_ads_fire
xanim,h1_wpn_asl_g3_ads_up
xanim,h1_wpn_asl_g3_fire
xanim,h1_wpn_asl_g3_gl_ads_fire
xanim,h1_wpn_asl_g3_gl_fire
xanim,h1_wpn_asl_g3_gl_grenade_2_bullet
xanim,h1_wpn_asl_g3_gl_grenade_bullet_2_grenade
xanim,h1_wpn_asl_g3_gl_grenade_fire
xanim,h1_wpn_asl_g3_gl_grenade_idle
xanim,h1_wpn_asl_g3_gl_grenade_pullout
xanim,h1_wpn_asl_g3_gl_grenade_pullout_quick
xanim,h1_wpn_asl_g3_gl_grenade_putaway
xanim,h1_wpn_asl_g3_gl_grenade_putaway_quick
xanim,h1_wpn_asl_g3_gl_grenade_reload
xanim,h1_wpn_asl_g3_gl_grenade_sprint_in
xanim,h1_wpn_asl_g3_gl_grenade_sprint_loop
xanim,h1_wpn_asl_g3_gl_grenade_sprint_out
xanim,h1_wpn_asl_g3_gl_idle
xanim,h1_wpn_asl_g3_gl_inspect
xanim,h1_wpn_asl_g3_gl_pullout
xanim,h1_wpn_asl_g3_gl_pullout_first
xanim,h1_wpn_asl_g3_gl_pullout_quick
xanim,h1_wpn_asl_g3_gl_putaway
xanim,h1_wpn_asl_g3_gl_putaway_quick
xanim,h1_wpn_asl_g3_gl_reload
xanim,h1_wpn_asl_g3_gl_reload_empty
xanim,h1_wpn_asl_g3_gl_sprint_in
xanim,h1_wpn_asl_g3_gl_sprint_loop
xanim,h1_wpn_asl_g3_gl_sprint_out
xanim,h1_wpn_asl_g3_idle
xanim,h1_wpn_asl_g3_inspect
xanim,h1_wpn_asl_g3_pullout
xanim,h1_wpn_asl_g3_pullout_first
xanim,h1_wpn_asl_g3_pullout_quick
xanim,h1_wpn_asl_g3_putaway
xanim,h1_wpn_asl_g3_putaway_quick
xanim,h1_wpn_asl_g3_reflex_ads_down
xanim,h1_wpn_asl_g3_reflex_ads_up
xanim,h1_wpn_asl_g3_reload
xanim,h1_wpn_asl_g3_reload_empty
xanim,h1_wpn_asl_g3_sprint_in
xanim,h1_wpn_asl_g3_sprint_loop
xanim,h1_wpn_asl_g3_sprint_out
xanim,h1_wpn_asl_lynx_acog_ads_down
xanim,h1_wpn_asl_lynx_acog_ads_fire
xanim,h1_wpn_asl_lynx_acog_ads_up
xanim,h1_wpn_asl_lynx_ads_down
xanim,h1_wpn_asl_lynx_ads_fire
xanim,h1_wpn_asl_lynx_ads_up
xanim,h1_wpn_asl_lynx_empty_additive
xanim,h1_wpn_asl_lynx_fire
xanim,h1_wpn_asl_lynx_fire_last
xanim,h1_wpn_asl_lynx_gl_ads_fire
xanim,h1_wpn_asl_lynx_gl_fire
xanim,h1_wpn_asl_lynx_gl_fire_last
xanim,h1_wpn_asl_lynx_gl_grenade_2_bullet
xanim,h1_wpn_asl_lynx_gl_grenade_bullet_2_grenade
xanim,h1_wpn_asl_lynx_gl_grenade_fire
xanim,h1_wpn_asl_lynx_gl_grenade_fire_last
xanim,h1_wpn_asl_lynx_gl_grenade_idle
xanim,h1_wpn_asl_lynx_gl_grenade_pullout
xanim,h1_wpn_asl_lynx_gl_grenade_pullout_quick
xanim,h1_wpn_asl_lynx_gl_grenade_putaway
xanim,h1_wpn_asl_lynx_gl_grenade_putaway_quick
xanim,h1_wpn_asl_lynx_gl_grenade_reload
xanim,h1_wpn_asl_lynx_gl_grenade_sprint_in
xanim,h1_wpn_asl_lynx_gl_grenade_sprint_loop
xanim,h1_wpn_asl_lynx_gl_grenade_sprint_out
xanim,h1_wpn_asl_lynx_gl_idle
xanim,h1_wpn_asl_lynx_gl_inspect
xanim,h1_wpn_asl_lynx_gl_pullout
xanim,h1_wpn_asl_lynx_gl_pullout_first
xanim,h1_wpn_asl_lynx_gl_pullout_quick
xanim,h1_wpn_asl_lynx_gl_putaway
xanim,h1_wpn_asl_lynx_gl_putaway_quick
xanim,h1_wpn_asl_lynx_gl_reload
xanim,h1_wpn_asl_lynx_gl_reload_empty
xanim,h1_wpn_asl_lynx_gl_reload_empty_quick
xanim,h1_wpn_asl_lynx_gl_reload_quick
xanim,h1_wpn_asl_lynx_gl_settle
xanim,h1_wpn_asl_lynx_gl_sprint_in
xanim,h1_wpn_asl_lynx_gl_sprint_loop
xanim,h1_wpn_asl_lynx_gl_sprint_out
xanim,h1_wpn_asl_lynx_idle
xanim,h1_wpn_asl_lynx_inspect
xanim,h1_wpn_asl_lynx_pullout
xanim,h1_wpn_asl_lynx_pullout_first
xanim,h1_wpn_asl_lynx_pullout_quick
xanim,h1_wpn_asl_lynx_putaway
xanim,h1_wpn_asl_lynx_putaway_quick
xanim,h1_wpn_asl_lynx_recoil
xanim,h1_wpn_asl_lynx_reflex_ads_down
xanim,h1_wpn_asl_lynx_reflex_ads_up
xanim,h1_wpn_asl_lynx_reload
xanim,h1_wpn_asl_lynx_reload_empty
xanim,h1_wpn_asl_lynx_reload_empty_quick
xanim,h1_wpn_asl_lynx_reload_quick
xanim,h1_wpn_asl_lynx_settle
xanim,h1_wpn_asl_lynx_sprint_in
xanim,h1_wpn_asl_lynx_sprint_loop
xanim,h1_wpn_asl_lynx_sprint_out
xanim,h1_wpn_asl_m14_acog_ads_down
xanim,h1_wpn_asl_m14_acog_ads_fire
xanim,h1_wpn_asl_m14_acog_ads_up
xanim,h1_wpn_asl_m14_ads_down
xanim,h1_wpn_asl_m14_ads_fire
xanim,h1_wpn_asl_m14_ads_up
xanim,h1_wpn_asl_m14_empty_additive
xanim,h1_wpn_asl_m14_fire
xanim,h1_wpn_asl_m14_gl_ads_fire
xanim,h1_wpn_asl_m14_gl_fire
xanim,h1_wpn_asl_m14_gl_grenade_2_bullet
xanim,h1_wpn_asl_m14_gl_grenade_bullet_2_grenade
xanim,h1_wpn_asl_m14_gl_grenade_fire
xanim,h1_wpn_asl_m14_gl_grenade_idle
xanim,h1_wpn_asl_m14_gl_grenade_pullout
xanim,h1_wpn_asl_m14_gl_grenade_pullout_quick
xanim,h1_wpn_asl_m14_gl_grenade_putaway
xanim,h1_wpn_asl_m14_gl_grenade_putaway_quick
xanim,h1_wpn_asl_m14_gl_grenade_reload
xanim,h1_wpn_asl_m14_gl_grenade_sprint_in
xanim,h1_wpn_asl_m14_gl_grenade_sprint_loop
xanim,h1_wpn_asl_m14_gl_grenade_sprint_out
xanim,h1_wpn_asl_m14_gl_idle
xanim,h1_wpn_asl_m14_gl_inspect
xanim,h1_wpn_asl_m14_gl_last_fire
xanim,h1_wpn_asl_m14_gl_pullout
xanim,h1_wpn_asl_m14_gl_pullout_quick
xanim,h1_wpn_asl_m14_gl_putaway
xanim,h1_wpn_asl_m14_gl_putaway_quick
xanim,h1_wpn_asl_m14_gl_reload
xanim,h1_wpn_asl_m14_gl_reload_empty
xanim,h1_wpn_asl_m14_gl_sprint_in
xanim,h1_wpn_asl_m14_gl_sprint_loop
xanim,h1_wpn_asl_m14_gl_sprint_out
xanim,h1_wpn_asl_m14_idle
xanim,h1_wpn_asl_m14_inspect
xanim,h1_wpn_asl_m14_last_fire
xanim,h1_wpn_asl_m14_pullout
xanim,h1_wpn_asl_m14_pullout_quick
xanim,h1_wpn_asl_m14_putaway
xanim,h1_wpn_asl_m14_putaway_quick
xanim,h1_wpn_asl_m14_reflex_ads_down
xanim,h1_wpn_asl_m14_reflex_ads_up
xanim,h1_wpn_asl_m14_reload
xanim,h1_wpn_asl_m14_reload_empty
xanim,h1_wpn_asl_m14_sprint_in
xanim,h1_wpn_asl_m14_sprint_loop
xanim,h1_wpn_asl_m14_sprint_out
xanim,h1_wpn_asl_m16_acog_ads_down
xanim,h1_wpn_asl_m16_acog_ads_up
xanim,h1_wpn_asl_m16_ads_down
xanim,h1_wpn_asl_m16_ads_fire
xanim,h1_wpn_asl_m16_ads_up
xanim,h1_wpn_asl_m16_fire
xanim,h1_wpn_asl_m16_gl_ads_fire
xanim,h1_wpn_asl_m16_gl_fire
xanim,h1_wpn_asl_m16_gl_grenade_2_bullet
xanim,h1_wpn_asl_m16_gl_grenade_bullet_2_grenade
xanim,h1_wpn_asl_m16_gl_grenade_fire
xanim,h1_wpn_asl_m16_gl_grenade_idle
xanim,h1_wpn_asl_m16_gl_grenade_pullout
xanim,h1_wpn_asl_m16_gl_grenade_pullout_quick
xanim,h1_wpn_asl_m16_gl_grenade_putaway
xanim,h1_wpn_asl_m16_gl_grenade_putaway_quick
xanim,h1_wpn_asl_m16_gl_grenade_reload
xanim,h1_wpn_asl_m16_gl_grenade_sprint_in
xanim,h1_wpn_asl_m16_gl_grenade_sprint_loop
xanim,h1_wpn_asl_m16_gl_grenade_sprint_out
xanim,h1_wpn_asl_m16_gl_idle
xanim,h1_wpn_asl_m16_gl_inspect
xanim,h1_wpn_asl_m16_gl_pullout
xanim,h1_wpn_asl_m16_gl_pullout_quick
xanim,h1_wpn_asl_m16_gl_putaway_quick
xanim,h1_wpn_asl_m16_gl_reload
xanim,h1_wpn_asl_m16_gl_reload_empty
xanim,h1_wpn_asl_m16_gl_settle
xanim,h1_wpn_asl_m16_gl_sprint_in
xanim,h1_wpn_asl_m16_gl_sprint_loop
xanim,h1_wpn_asl_m16_gl_sprint_out
xanim,h1_wpn_asl_m16_idle
xanim,h1_wpn_asl_m16_inspect
xanim,h1_wpn_asl_m16_pullout
xanim,h1_wpn_asl_m16_pullout_quick
xanim,h1_wpn_asl_m16_putaway
xanim,h1_wpn_asl_m16_recoil
xanim,h1_wpn_asl_m16_reflex_ads_down
xanim,h1_wpn_asl_m16_reflex_ads_up
xanim,h1_wpn_asl_m16_reload
xanim,h1_wpn_asl_m16_reload_empty
xanim,h1_wpn_asl_m16_settle
xanim,h1_wpn_asl_m16_sprint_in
xanim,h1_wpn_asl_m16_sprint_loop
xanim,h1_wpn_asl_m16_sprint_out
xanim,h1_wpn_asl_m4a1_acog_ads_down
xanim,h1_wpn_asl_m4a1_acog_ads_fire
xanim,h1_wpn_asl_m4a1_acog_ads_up
xanim,h1_wpn_asl_m4a1_ads_down
xanim,h1_wpn_asl_m4a1_ads_fire
xanim,h1_wpn_asl_m4a1_ads_up
xanim,h1_wpn_asl_m4a1_fire
xanim,h1_wpn_asl_m4a1_gl_ads_fire
xanim,h1_wpn_asl_m4a1_gl_fire
xanim,h1_wpn_asl_m4a1_gl_grenade_2_bullet
xanim,h1_wpn_asl_m4a1_gl_grenade_bullet_2_grenade
xanim,h1_wpn_asl_m4a1_gl_grenade_fire
xanim,h1_wpn_asl_m4a1_gl_grenade_idle
xanim,h1_wpn_asl_m4a1_gl_grenade_pullout
xanim,h1_wpn_asl_m4a1_gl_grenade_pullout_quick
xanim,h1_wpn_asl_m4a1_gl_grenade_putaway
xanim,h1_wpn_asl_m4a1_gl_grenade_putaway_quick
xanim,h1_wpn_asl_m4a1_gl_grenade_reload
xanim,h1_wpn_asl_m4a1_gl_grenade_sprint_in
xanim,h1_wpn_asl_m4a1_gl_grenade_sprint_loop
xanim,h1_wpn_asl_m4a1_gl_grenade_sprint_out
xanim,h1_wpn_asl_m4a1_gl_idle
xanim,h1_wpn_asl_m4a1_gl_inspect
xanim,h1_wpn_asl_m4a1_gl_pullout
xanim,h1_wpn_asl_m4a1_gl_pullout_first
xanim,h1_wpn_asl_m4a1_gl_pullout_quick
xanim,h1_wpn_asl_m4a1_gl_putaway
xanim,h1_wpn_asl_m4a1_gl_putaway_quick
xanim,h1_wpn_asl_m4a1_gl_reload
xanim,h1_wpn_asl_m4a1_gl_reload_empty
xanim,h1_wpn_asl_m4a1_gl_settle
xanim,h1_wpn_asl_m4a1_gl_sprint_in
xanim,h1_wpn_asl_m4a1_gl_sprint_loop
xanim,h1_wpn_asl_m4a1_gl_sprint_out
xanim,h1_wpn_asl_m4a1_idle
xanim,h1_wpn_asl_m4a1_inspect
xanim,h1_wpn_asl_m4a1_pullout
xanim,h1_wpn_asl_m4a1_pullout_first
xanim,h1_wpn_asl_m4a1_pullout_quick
xanim,h1_wpn_asl_m4a1_putaway
xanim,h1_wpn_asl_m4a1_putaway_quick
xanim,h1_wpn_asl_m4a1_recoil
xanim,h1_wpn_asl_m4a1_reflex_ads_down
xanim,h1_wpn_asl_m4a1_reflex_ads_up
xanim,h1_wpn_asl_m4a1_reload
xanim,h1_wpn_asl_m4a1_reload_empty
xanim,h1_wpn_asl_m4a1_settle
xanim,h1_wpn_asl_m4a1_sprint_in
xanim,h1_wpn_asl_m4a1_sprint_loop
xanim,h1_wpn_asl_m4a1_sprint_out
xanim,h1_wpn_asl_mp44_acog_ads_down
xanim,h1_wpn_asl_mp44_acog_ads_fire
xanim,h1_wpn_asl_mp44_acog_ads_up
xanim,h1_wpn_asl_mp44_ads_down
xanim,h1_wpn_asl_mp44_ads_fire
xanim,h1_wpn_asl_mp44_ads_up
xanim,h1_wpn_asl_mp44_fire
xanim,h1_wpn_asl_mp44_gl_ads_fire
xanim,h1_wpn_asl_mp44_gl_fire
xanim,h1_wpn_asl_mp44_gl_grenade_fire
xanim,h1_wpn_asl_mp44_gl_grenade_idle
xanim,h1_wpn_asl_mp44_gl_grenade_pullout
xanim,h1_wpn_asl_mp44_gl_grenade_pullout_quick
xanim,h1_wpn_asl_mp44_gl_grenade_putaway
xanim,h1_wpn_asl_mp44_gl_grenade_putaway_quick
xanim,h1_wpn_asl_mp44_gl_grenade_reload
xanim,h1_wpn_asl_mp44_gl_grenade_sprint_in
xanim,h1_wpn_asl_mp44_gl_grenade_sprint_loop
xanim,h1_wpn_asl_mp44_gl_grenade_sprint_out
xanim,h1_wpn_asl_mp44_gl_idle
xanim,h1_wpn_asl_mp44_gl_inspect
xanim,h1_wpn_asl_mp44_gl_pullout
xanim,h1_wpn_asl_mp44_gl_pullout_first
xanim,h1_wpn_asl_mp44_gl_pullout_quick
xanim,h1_wpn_asl_mp44_gl_putaway
xanim,h1_wpn_asl_mp44_gl_putaway_quick
xanim,h1_wpn_asl_mp44_gl_reload
xanim,h1_wpn_asl_mp44_gl_reload_empty
xanim,h1_wpn_asl_mp44_gl_settle
xanim,h1_wpn_asl_mp44_gl_sprint_in
xanim,h1_wpn_asl_mp44_gl_sprint_loop
xanim,h1_wpn_asl_mp44_gl_sprint_out
xanim,h1_wpn_asl_mp44_idle
xanim,h1_wpn_asl_mp44_inspect
xanim,h1_wpn_asl_mp44_pullout
xanim,h1_wpn_asl_mp44_pullout_first
xanim,h1_wpn_asl_mp44_pullout_quick
xanim,h1_wpn_asl_mp44_putaway
xanim,h1_wpn_asl_mp44_putaway_quick
xanim,h1_wpn_asl_mp44_recoil
xanim,h1_wpn_asl_mp44_reflex_ads_down
xanim,h1_wpn_asl_mp44_reflex_ads_up
xanim,h1_wpn_asl_mp44_reload
xanim,h1_wpn_asl_mp44_reload_empty
xanim,h1_wpn_asl_mp44_settle
xanim,h1_wpn_asl_mp44_sprint_in
xanim,h1_wpn_asl_mp44_sprint_loop
xanim,h1_wpn_asl_mp44_sprint_out
xanim,h1_wpn_asl_xmlar_acog_ads_down
xanim,h1_wpn_asl_xmlar_acog_ads_fire
xanim,h1_wpn_asl_xmlar_acog_ads_up
xanim,h1_wpn_asl_xmlar_ads_down
xanim,h1_wpn_asl_xmlar_ads_fire
xanim,h1_wpn_asl_xmlar_ads_up
xanim,h1_wpn_asl_xmlar_fire
xanim,h1_wpn_asl_xmlar_gl_ads_fire
xanim,h1_wpn_asl_xmlar_gl_fire
xanim,h1_wpn_asl_xmlar_gl_grenade_2_bullet
xanim,h1_wpn_asl_xmlar_gl_grenade_bullet_2_grenade
xanim,h1_wpn_asl_xmlar_gl_grenade_fire
xanim,h1_wpn_asl_xmlar_gl_grenade_idle
xanim,h1_wpn_asl_xmlar_gl_grenade_pullout
xanim,h1_wpn_asl_xmlar_gl_grenade_putaway
xanim,h1_wpn_asl_xmlar_gl_grenade_reload
xanim,h1_wpn_asl_xmlar_gl_grenade_sprint_in
xanim,h1_wpn_asl_xmlar_gl_grenade_sprint_loop
xanim,h1_wpn_asl_xmlar_gl_grenade_sprint_out
xanim,h1_wpn_asl_xmlar_gl_idle
xanim,h1_wpn_asl_xmlar_gl_inspect
xanim,h1_wpn_asl_xmlar_gl_pullout
xanim,h1_wpn_asl_xmlar_gl_pullout_first
xanim,h1_wpn_asl_xmlar_gl_pullout_quick
xanim,h1_wpn_asl_xmlar_gl_putaway
xanim,h1_wpn_asl_xmlar_gl_putaway_quick
xanim,h1_wpn_asl_xmlar_gl_reload
xanim,h1_wpn_asl_xmlar_gl_reload_empty
xanim,h1_wpn_asl_xmlar_gl_settle
xanim,h1_wpn_asl_xmlar_gl_sprint_in
xanim,h1_wpn_asl_xmlar_gl_sprint_loop
xanim,h1_wpn_asl_xmlar_gl_sprint_out
xanim,h1_wpn_asl_xmlar_idle
xanim,h1_wpn_asl_xmlar_inspect
xanim,h1_wpn_asl_xmlar_pullout
xanim,h1_wpn_asl_xmlar_pullout_first
xanim,h1_wpn_asl_xmlar_pullout_quick
xanim,h1_wpn_asl_xmlar_putaway
xanim,h1_wpn_asl_xmlar_putaway_quick
xanim,h1_wpn_asl_xmlar_recoil
xanim,h1_wpn_asl_xmlar_reflex_ads_down
xanim,h1_wpn_asl_xmlar_reflex_ads_up
xanim,h1_wpn_asl_xmlar_reload
xanim,h1_wpn_asl_xmlar_reload_empty
xanim,h1_wpn_asl_xmlar_settle
xanim,h1_wpn_asl_xmlar_sprint_in
xanim,h1_wpn_asl_xmlar_sprint_loop
xanim,h1_wpn_asl_xmlar_sprint_out
xanim,h1_wpn_eqp_airsupport_killstreak_activate
xanim,h1_wpn_eqp_briefcase_bomb_defuse
xanim,h1_wpn_eqp_briefcase_bomb_drop
xanim,h1_wpn_eqp_briefcase_bomb_idle
xanim,h1_wpn_eqp_briefcase_bomb_interrupt_drop
xanim,h1_wpn_eqp_briefcase_bomb_pullout
xanim,h1_wpn_eqp_c4_crawl_b
xanim,h1_wpn_eqp_c4_crawl_f
xanim,h1_wpn_eqp_c4_detonator_fire
xanim,h1_wpn_eqp_c4_fire
xanim,h1_wpn_eqp_c4_fire_hold
xanim,h1_wpn_eqp_c4_idle
xanim,h1_wpn_eqp_c4_inspect
xanim,h1_wpn_eqp_c4_mantle_33_over
xanim,h1_wpn_eqp_c4_mantle_33_up
xanim,h1_wpn_eqp_c4_mantle_39_over
xanim,h1_wpn_eqp_c4_mantle_39_up
xanim,h1_wpn_eqp_c4_mantle_45_over
xanim,h1_wpn_eqp_c4_mantle_45_up
xanim,h1_wpn_eqp_c4_mantle_51_over
xanim,h1_wpn_eqp_c4_mantle_51_up
xanim,h1_wpn_eqp_c4_mantle_57_over
xanim,h1_wpn_eqp_c4_mantle_57_up
xanim,h1_wpn_eqp_c4_pullout
xanim,h1_wpn_eqp_c4_pullout_quick
xanim,h1_wpn_eqp_c4_putaway
xanim,h1_wpn_eqp_c4_putaway_quick
xanim,h1_wpn_eqp_c4_sprint_in
xanim,h1_wpn_eqp_c4_sprint_loop
xanim,h1_wpn_eqp_c4_sprint_out
xanim,h1_wpn_eqp_claymore_crawl_b
xanim,h1_wpn_eqp_claymore_crawl_f
xanim,h1_wpn_eqp_claymore_fire
xanim,h1_wpn_eqp_claymore_fire_hold
xanim,h1_wpn_eqp_claymore_fire_last
xanim,h1_wpn_eqp_claymore_idle
xanim,h1_wpn_eqp_claymore_idle_empty
xanim,h1_wpn_eqp_claymore_inspect
xanim,h1_wpn_eqp_claymore_mantle_33_over
xanim,h1_wpn_eqp_claymore_mantle_33_up
xanim,h1_wpn_eqp_claymore_mantle_39_over
xanim,h1_wpn_eqp_claymore_mantle_39_up
xanim,h1_wpn_eqp_claymore_mantle_45_over
xanim,h1_wpn_eqp_claymore_mantle_45_up
xanim,h1_wpn_eqp_claymore_mantle_51_over
xanim,h1_wpn_eqp_claymore_mantle_51_up
xanim,h1_wpn_eqp_claymore_mantle_57_over
xanim,h1_wpn_eqp_claymore_mantle_57_up
xanim,h1_wpn_eqp_claymore_pullout
xanim,h1_wpn_eqp_claymore_pullout_quick
xanim,h1_wpn_eqp_claymore_putaway
xanim,h1_wpn_eqp_claymore_sprint_in
xanim,h1_wpn_eqp_claymore_sprint_loop
xanim,h1_wpn_eqp_claymore_sprint_out
xanim,h1_wpn_generic_crawl_b
xanim,h1_wpn_generic_crawl_f
xanim,h1_wpn_generic_walk_f
xanim,h1_wpn_grn_m67_idle
xanim,h1_wpn_grn_m67_pickup_livenade
xanim,h1_wpn_grn_m67_pullpin
xanim,h1_wpn_grn_m67_throw
xanim,h1_wpn_grn_m84_idle
xanim,h1_wpn_grn_m84_pullpin
xanim,h1_wpn_grn_m84_throw
xanim,h1_wpn_grn_smoke_idle
xanim,h1_wpn_grn_smoke_pullpin
xanim,h1_wpn_grn_smoke_throw
xanim,h1_wpn_knife_melee_slice
xanim,h1_wpn_knife_melee_stab
xanim,h1_wpn_lau_mantle_33_over
xanim,h1_wpn_lau_mantle_33_up
xanim,h1_wpn_lau_mantle_39_over
xanim,h1_wpn_lau_mantle_39_up
xanim,h1_wpn_lau_mantle_45_over
xanim,h1_wpn_lau_mantle_45_up
xanim,h1_wpn_lau_mantle_51_over
xanim,h1_wpn_lau_mantle_51_up
xanim,h1_wpn_lau_mantle_57_over
xanim,h1_wpn_lau_mantle_57_up
xanim,h1_wpn_lau_rpg_ads_down
xanim,h1_wpn_lau_rpg_ads_up
xanim,h1_wpn_lau_rpg_empty_additive
xanim,h1_wpn_lau_rpg_fire
xanim,h1_wpn_lau_rpg_idle
xanim,h1_wpn_lau_rpg_idle_empty
xanim,h1_wpn_lau_rpg_inspect
xanim,h1_wpn_lau_rpg_pullout
xanim,h1_wpn_lau_rpg_putaway
xanim,h1_wpn_lau_rpg_reload
xanim,h1_wpn_lau_rpg_sprint_in
xanim,h1_wpn_lau_rpg_sprint_loop
xanim,h1_wpn_lau_rpg_sprint_out
xanim,h1_wpn_lmg_m249saw_acog_ads_down
xanim,h1_wpn_lmg_m249saw_acog_ads_up
xanim,h1_wpn_lmg_m249saw_ads_down
xanim,h1_wpn_lmg_m249saw_ads_fire
xanim,h1_wpn_lmg_m249saw_ads_up
xanim,h1_wpn_lmg_m249saw_fire
xanim,h1_wpn_lmg_m249saw_grip_ads_fire
xanim,h1_wpn_lmg_m249saw_grip_fire
xanim,h1_wpn_lmg_m249saw_grip_idle
xanim,h1_wpn_lmg_m249saw_grip_inspect
xanim,h1_wpn_lmg_m249saw_grip_pullout
xanim,h1_wpn_lmg_m249saw_grip_putaway
xanim,h1_wpn_lmg_m249saw_grip_reload
xanim,h1_wpn_lmg_m249saw_grip_settle
xanim,h1_wpn_lmg_m249saw_grip_sprint_in
xanim,h1_wpn_lmg_m249saw_grip_sprint_loop
xanim,h1_wpn_lmg_m249saw_grip_sprint_out
xanim,h1_wpn_lmg_m249saw_idle
xanim,h1_wpn_lmg_m249saw_idle_additive
xanim,h1_wpn_lmg_m249saw_inspect
xanim,h1_wpn_lmg_m249saw_jump
xanim,h1_wpn_lmg_m249saw_land
xanim,h1_wpn_lmg_m249saw_land_heavy
xanim,h1_wpn_lmg_m249saw_prone_drop
xanim,h1_wpn_lmg_m249saw_pullout
xanim,h1_wpn_lmg_m249saw_putaway
xanim,h1_wpn_lmg_m249saw_recoil
xanim,h1_wpn_lmg_m249saw_reflex_ads_down
xanim,h1_wpn_lmg_m249saw_reflex_ads_up
xanim,h1_wpn_lmg_m249saw_reload
xanim,h1_wpn_lmg_m249saw_scope_reload
xanim,h1_wpn_lmg_m249saw_settle
xanim,h1_wpn_lmg_m249saw_sprint_in
xanim,h1_wpn_lmg_m249saw_sprint_loop
xanim,h1_wpn_lmg_m249saw_sprint_out
xanim,h1_wpn_lmg_m249saw_walk_f
xanim,h1_wpn_lmg_m60_acog_ads_down
xanim,h1_wpn_lmg_m60_acog_ads_fire
xanim,h1_wpn_lmg_m60_acog_ads_up
xanim,h1_wpn_lmg_m60_ads_down
xanim,h1_wpn_lmg_m60_ads_fire
xanim,h1_wpn_lmg_m60_ads_up
xanim,h1_wpn_lmg_m60_crawl_b
xanim,h1_wpn_lmg_m60_crawl_f
xanim,h1_wpn_lmg_m60_fire
xanim,h1_wpn_lmg_m60_grip_ads_fire
xanim,h1_wpn_lmg_m60_grip_fire
xanim,h1_wpn_lmg_m60_grip_idle
xanim,h1_wpn_lmg_m60_grip_inspect
xanim,h1_wpn_lmg_m60_grip_pullout
xanim,h1_wpn_lmg_m60_grip_pullout_quick
xanim,h1_wpn_lmg_m60_grip_putaway
xanim,h1_wpn_lmg_m60_grip_reload
xanim,h1_wpn_lmg_m60_grip_settle
xanim,h1_wpn_lmg_m60_grip_sprint_in
xanim,h1_wpn_lmg_m60_grip_sprint_loop
xanim,h1_wpn_lmg_m60_grip_sprint_out
xanim,h1_wpn_lmg_m60_idle
xanim,h1_wpn_lmg_m60_idle_additive
xanim,h1_wpn_lmg_m60_inspect
xanim,h1_wpn_lmg_m60_jump
xanim,h1_wpn_lmg_m60_land
xanim,h1_wpn_lmg_m60_land_heavy
xanim,h1_wpn_lmg_m60_prone_drop
xanim,h1_wpn_lmg_m60_pullout
xanim,h1_wpn_lmg_m60_pullout_quick
xanim,h1_wpn_lmg_m60_putaway
xanim,h1_wpn_lmg_m60_recoil
xanim,h1_wpn_lmg_m60_reflex_ads_down
xanim,h1_wpn_lmg_m60_reflex_ads_up
xanim,h1_wpn_lmg_m60_reload
xanim,h1_wpn_lmg_m60_scope_reload
xanim,h1_wpn_lmg_m60_settle
xanim,h1_wpn_lmg_m60_sprint_in
xanim,h1_wpn_lmg_m60_sprint_loop
xanim,h1_wpn_lmg_m60_sprint_out
xanim,h1_wpn_lmg_m60_walk_f
xanim,h1_wpn_lmg_mk8_acog_ads_down
xanim,h1_wpn_lmg_mk8_acog_ads_fire
xanim,h1_wpn_lmg_mk8_acog_ads_up
xanim,h1_wpn_lmg_mk8_ads_down
xanim,h1_wpn_lmg_mk8_ads_fire
xanim,h1_wpn_lmg_mk8_ads_up
xanim,h1_wpn_lmg_mk8_empty_additive
xanim,h1_wpn_lmg_mk8_fire
xanim,h1_wpn_lmg_mk8_grip_ads_fire
xanim,h1_wpn_lmg_mk8_grip_fire
xanim,h1_wpn_lmg_mk8_grip_idle
xanim,h1_wpn_lmg_mk8_grip_inspect
xanim,h1_wpn_lmg_mk8_grip_pullout
xanim,h1_wpn_lmg_mk8_grip_pullout_first
xanim,h1_wpn_lmg_mk8_grip_pullout_quick
xanim,h1_wpn_lmg_mk8_grip_putaway
xanim,h1_wpn_lmg_mk8_grip_reload
xanim,h1_wpn_lmg_mk8_grip_reload_empty
xanim,h1_wpn_lmg_mk8_grip_settle
xanim,h1_wpn_lmg_mk8_grip_sprint_in
xanim,h1_wpn_lmg_mk8_grip_sprint_loop
xanim,h1_wpn_lmg_mk8_grip_sprint_out
xanim,h1_wpn_lmg_mk8_idle
xanim,h1_wpn_lmg_mk8_inspect
xanim,h1_wpn_lmg_mk8_jump
xanim,h1_wpn_lmg_mk8_land
xanim,h1_wpn_lmg_mk8_land_heavy
xanim,h1_wpn_lmg_mk8_prone_drop
xanim,h1_wpn_lmg_mk8_pullout
xanim,h1_wpn_lmg_mk8_pullout_first
xanim,h1_wpn_lmg_mk8_pullout_quick
xanim,h1_wpn_lmg_mk8_putaway
xanim,h1_wpn_lmg_mk8_recoil
xanim,h1_wpn_lmg_mk8_reflex_ads_down
xanim,h1_wpn_lmg_mk8_reflex_ads_up
xanim,h1_wpn_lmg_mk8_reload
xanim,h1_wpn_lmg_mk8_reload_empty
xanim,h1_wpn_lmg_mk8_settle
xanim,h1_wpn_lmg_mk8_sprint_in
xanim,h1_wpn_lmg_mk8_sprint_loop
xanim,h1_wpn_lmg_mk8_sprint_out
xanim,h1_wpn_lmg_mk8_walk_f
xanim,h1_wpn_lmg_pkm_acog_ads_down
xanim,h1_wpn_lmg_pkm_acog_ads_fire
xanim,h1_wpn_lmg_pkm_acog_ads_up
xanim,h1_wpn_lmg_pkm_ads_down
xanim,h1_wpn_lmg_pkm_ads_fire
xanim,h1_wpn_lmg_pkm_ads_up
xanim,h1_wpn_lmg_pkm_fire
xanim,h1_wpn_lmg_pkm_grip_ads_fire
xanim,h1_wpn_lmg_pkm_grip_fire
xanim,h1_wpn_lmg_pkm_grip_idle
xanim,h1_wpn_lmg_pkm_grip_inspect
xanim,h1_wpn_lmg_pkm_grip_pullout
xanim,h1_wpn_lmg_pkm_grip_pullout_quick
xanim,h1_wpn_lmg_pkm_grip_putaway
xanim,h1_wpn_lmg_pkm_grip_reload
xanim,h1_wpn_lmg_pkm_grip_settle
xanim,h1_wpn_lmg_pkm_grip_sprint_in
xanim,h1_wpn_lmg_pkm_grip_sprint_loop
xanim,h1_wpn_lmg_pkm_grip_sprint_out
xanim,h1_wpn_lmg_pkm_idle
xanim,h1_wpn_lmg_pkm_idle_additive
xanim,h1_wpn_lmg_pkm_inspect
xanim,h1_wpn_lmg_pkm_jump
xanim,h1_wpn_lmg_pkm_land
xanim,h1_wpn_lmg_pkm_land_heavy
xanim,h1_wpn_lmg_pkm_prone_drop
xanim,h1_wpn_lmg_pkm_pullout
xanim,h1_wpn_lmg_pkm_pullout_quick
xanim,h1_wpn_lmg_pkm_putaway
xanim,h1_wpn_lmg_pkm_recoil
xanim,h1_wpn_lmg_pkm_reflex_ads_down
xanim,h1_wpn_lmg_pkm_reflex_ads_up
xanim,h1_wpn_lmg_pkm_reload
xanim,h1_wpn_lmg_pkm_scope_reload
xanim,h1_wpn_lmg_pkm_settle
xanim,h1_wpn_lmg_pkm_sprint_in
xanim,h1_wpn_lmg_pkm_sprint_loop
xanim,h1_wpn_lmg_pkm_sprint_out
xanim,h1_wpn_lmg_pkm_walk_f
xanim,h1_wpn_lmg_rpd_acog_ads_down
xanim,h1_wpn_lmg_rpd_acog_ads_up
xanim,h1_wpn_lmg_rpd_ads_down
xanim,h1_wpn_lmg_rpd_ads_fire
xanim,h1_wpn_lmg_rpd_ads_up
xanim,h1_wpn_lmg_rpd_crawl_b
xanim,h1_wpn_lmg_rpd_crawl_f
xanim,h1_wpn_lmg_rpd_fire
xanim,h1_wpn_lmg_rpd_grip_ads_fire
xanim,h1_wpn_lmg_rpd_grip_fire
xanim,h1_wpn_lmg_rpd_grip_idle
xanim,h1_wpn_lmg_rpd_grip_inspect
xanim,h1_wpn_lmg_rpd_grip_pullout
xanim,h1_wpn_lmg_rpd_grip_putaway
xanim,h1_wpn_lmg_rpd_grip_reload
xanim,h1_wpn_lmg_rpd_grip_settle
xanim,h1_wpn_lmg_rpd_grip_sprint_in
xanim,h1_wpn_lmg_rpd_grip_sprint_loop
xanim,h1_wpn_lmg_rpd_grip_sprint_out
xanim,h1_wpn_lmg_rpd_idle
xanim,h1_wpn_lmg_rpd_idle_additive
xanim,h1_wpn_lmg_rpd_inspect
xanim,h1_wpn_lmg_rpd_jump
xanim,h1_wpn_lmg_rpd_land
xanim,h1_wpn_lmg_rpd_land_heavy
xanim,h1_wpn_lmg_rpd_pullout
xanim,h1_wpn_lmg_rpd_putaway
xanim,h1_wpn_lmg_rpd_recoil
xanim,h1_wpn_lmg_rpd_reflex_ads_down
xanim,h1_wpn_lmg_rpd_reflex_ads_up
xanim,h1_wpn_lmg_rpd_reload
xanim,h1_wpn_lmg_rpd_scope_reload
xanim,h1_wpn_lmg_rpd_settle
xanim,h1_wpn_lmg_rpd_sprint_in
xanim,h1_wpn_lmg_rpd_sprint_loop
xanim,h1_wpn_lmg_rpd_sprint_out
xanim,h1_wpn_lmg_rpd_walk_f
xanim,h1_wpn_melee_baton_idle
xanim,h1_wpn_melee_baton_inspect
xanim,h1_wpn_melee_baton_pullout
xanim,h1_wpn_melee_baton_pullout_first
xanim,h1_wpn_melee_baton_pullout_quick
xanim,h1_wpn_melee_baton_putaway
xanim,h1_wpn_melee_baton_putaway_quick
xanim,h1_wpn_melee_baton_sprint_in
xanim,h1_wpn_melee_baton_sprint_loop
xanim,h1_wpn_melee_baton_sprint_out
xanim,h1_wpn_melee_baton_stab
xanim,h1_wpn_melee_baton_stab_secondary
xanim,h1_wpn_melee_baton_swipe
xanim,h1_wpn_melee_baton_swipe_secondary
xanim,h1_wpn_melee_bayonet_knife_idle
xanim,h1_wpn_melee_bayonet_knife_idle_additive
xanim,h1_wpn_melee_bayonet_knife_inspect
xanim,h1_wpn_melee_bayonet_knife_pullout
xanim,h1_wpn_melee_bayonet_knife_pullout_first
xanim,h1_wpn_melee_bayonet_knife_pullout_quick
xanim,h1_wpn_melee_bayonet_knife_putaway
xanim,h1_wpn_melee_bayonet_knife_putaway_quick
xanim,h1_wpn_melee_bayonet_knife_sprint_in
xanim,h1_wpn_melee_bayonet_knife_sprint_loop
xanim,h1_wpn_melee_bayonet_knife_sprint_out
xanim,h1_wpn_melee_bayonet_knife_stab
xanim,h1_wpn_melee_bayonet_knife_stab_secondary
xanim,h1_wpn_melee_bayonet_knife_swipe
xanim,h1_wpn_melee_bayonet_knife_swipe_secondary
xanim,h1_wpn_melee_bottle_mantle_33_over
xanim,h1_wpn_melee_bottle_mantle_33_up
xanim,h1_wpn_melee_bottle_mantle_39_over
xanim,h1_wpn_melee_bottle_mantle_39_up
xanim,h1_wpn_melee_bottle_mantle_45_over
xanim,h1_wpn_melee_bottle_mantle_45_up
xanim,h1_wpn_melee_bottle_mantle_51_over
xanim,h1_wpn_melee_bottle_mantle_51_up
xanim,h1_wpn_melee_bottle_mantle_57_over
xanim,h1_wpn_melee_bottle_mantle_57_up
xanim,h1_wpn_melee_broken_bottle_idle
xanim,h1_wpn_melee_broken_bottle_inspect
xanim,h1_wpn_melee_broken_bottle_pullout
xanim,h1_wpn_melee_broken_bottle_pullout_first
xanim,h1_wpn_melee_broken_bottle_pullout_quick
xanim,h1_wpn_melee_broken_bottle_putaway
xanim,h1_wpn_melee_broken_bottle_putaway_quick
xanim,h1_wpn_melee_broken_bottle_sprint_in
xanim,h1_wpn_melee_broken_bottle_sprint_loop
xanim,h1_wpn_melee_broken_bottle_sprint_out
xanim,h1_wpn_melee_broken_bottle_stab
xanim,h1_wpn_melee_broken_bottle_stab_secondary
xanim,h1_wpn_melee_broken_bottle_swipe
xanim,h1_wpn_melee_broken_bottle_swipe_secondary
xanim,h1_wpn_melee_cleaver_idle
xanim,h1_wpn_melee_cleaver_idle_additive
xanim,h1_wpn_melee_cleaver_inspect
xanim,h1_wpn_melee_cleaver_pullout
xanim,h1_wpn_melee_cleaver_pullout_first
xanim,h1_wpn_melee_cleaver_pullout_quick
xanim,h1_wpn_melee_cleaver_putaway
xanim,h1_wpn_melee_cleaver_putaway_quick
xanim,h1_wpn_melee_cleaver_sprint_in
xanim,h1_wpn_melee_cleaver_sprint_loop
xanim,h1_wpn_melee_cleaver_sprint_out
xanim,h1_wpn_melee_cleaver_stab
xanim,h1_wpn_melee_cleaver_stab_secondary
xanim,h1_wpn_melee_cleaver_swipe
xanim,h1_wpn_melee_cleaver_swipe_secondary
xanim,h1_wpn_melee_crawl_b
xanim,h1_wpn_melee_crawl_f
xanim,h1_wpn_melee_gladius_idle
xanim,h1_wpn_melee_gladius_idle_additive
xanim,h1_wpn_melee_gladius_inspect
xanim,h1_wpn_melee_gladius_pullout
xanim,h1_wpn_melee_gladius_pullout_first
xanim,h1_wpn_melee_gladius_pullout_quick
xanim,h1_wpn_melee_gladius_putaway
xanim,h1_wpn_melee_gladius_putaway_quick
xanim,h1_wpn_melee_gladius_sprint_in
xanim,h1_wpn_melee_gladius_sprint_loop
xanim,h1_wpn_melee_gladius_sprint_out
xanim,h1_wpn_melee_gladius_stab
xanim,h1_wpn_melee_gladius_stab_secondary
xanim,h1_wpn_melee_gladius_swipe
xanim,h1_wpn_melee_gladius_swipe_secondary
xanim,h1_wpn_melee_harpoon_crawl_b
xanim,h1_wpn_melee_harpoon_crawl_f
xanim,h1_wpn_melee_harpoon_crawl_in
xanim,h1_wpn_melee_harpoon_idle
xanim,h1_wpn_melee_harpoon_inspect
xanim,h1_wpn_melee_harpoon_pullout
xanim,h1_wpn_melee_harpoon_pullout_first
xanim,h1_wpn_melee_harpoon_pullout_quick
xanim,h1_wpn_melee_harpoon_putaway
xanim,h1_wpn_melee_harpoon_putaway_quick
xanim,h1_wpn_melee_harpoon_sprint_in
xanim,h1_wpn_melee_harpoon_sprint_loop
xanim,h1_wpn_melee_harpoon_sprint_out
xanim,h1_wpn_melee_harpoon_stab
xanim,h1_wpn_melee_harpoon_stab_secondary
xanim,h1_wpn_melee_harpoon_swipe
xanim,h1_wpn_melee_harpoon_swipe_secondary
xanim,h1_wpn_melee_hatchet_idle
xanim,h1_wpn_melee_hatchet_inspect
xanim,h1_wpn_melee_hatchet_pullout
xanim,h1_wpn_melee_hatchet_pullout_first
xanim,h1_wpn_melee_hatchet_pullout_quick
xanim,h1_wpn_melee_hatchet_putaway
xanim,h1_wpn_melee_hatchet_putaway_quick
xanim,h1_wpn_melee_hatchet_sprint_in
xanim,h1_wpn_melee_hatchet_sprint_loop
xanim,h1_wpn_melee_hatchet_sprint_out
xanim,h1_wpn_melee_hatchet_stab
xanim,h1_wpn_melee_hatchet_stab_secondary
xanim,h1_wpn_melee_hatchet_swipe
xanim,h1_wpn_melee_hatchet_swipe_secondary
xanim,h1_wpn_melee_ice_pick_idle
xanim,h1_wpn_melee_ice_pick_inspect
xanim,h1_wpn_melee_ice_pick_pullout
xanim,h1_wpn_melee_ice_pick_pullout_first
xanim,h1_wpn_melee_ice_pick_pullout_quick
xanim,h1_wpn_melee_ice_pick_putaway
xanim,h1_wpn_melee_ice_pick_putaway_quick
xanim,h1_wpn_melee_ice_pick_sprint_in
xanim,h1_wpn_melee_ice_pick_sprint_loop
xanim,h1_wpn_melee_ice_pick_sprint_out
xanim,h1_wpn_melee_ice_pick_stab
xanim,h1_wpn_melee_ice_pick_stab_secondary
xanim,h1_wpn_melee_ice_pick_swipe
xanim,h1_wpn_melee_ice_pick_swipe_secondary
xanim,h1_wpn_melee_karambit_crawl_b
xanim,h1_wpn_melee_karambit_crawl_f
xanim,h1_wpn_melee_karambit_idle
xanim,h1_wpn_melee_karambit_idle_additive
xanim,h1_wpn_melee_karambit_inspect
xanim,h1_wpn_melee_karambit_pullout
xanim,h1_wpn_melee_karambit_pullout_first
xanim,h1_wpn_melee_karambit_pullout_quick
xanim,h1_wpn_melee_karambit_putaway
xanim,h1_wpn_melee_karambit_putaway_quick
xanim,h1_wpn_melee_karambit_sprint_in
xanim,h1_wpn_melee_karambit_sprint_loop
xanim,h1_wpn_melee_karambit_sprint_out
xanim,h1_wpn_melee_karambit_stab
xanim,h1_wpn_melee_karambit_stab_secondary
xanim,h1_wpn_melee_karambit_swipe
xanim,h1_wpn_melee_karambit_swipe_secondary
xanim,h1_wpn_melee_katana_idle
xanim,h1_wpn_melee_katana_idle_additive
xanim,h1_wpn_melee_katana_inspect
xanim,h1_wpn_melee_katana_pullout
xanim,h1_wpn_melee_katana_pullout_first
xanim,h1_wpn_melee_katana_pullout_quick
xanim,h1_wpn_melee_katana_putaway
xanim,h1_wpn_melee_katana_putaway_quick
xanim,h1_wpn_melee_katana_sprint_in
xanim,h1_wpn_melee_katana_sprint_loop
xanim,h1_wpn_melee_katana_sprint_out
xanim,h1_wpn_melee_katana_stab
xanim,h1_wpn_melee_katana_stab_secondary
xanim,h1_wpn_melee_katana_swipe
xanim,h1_wpn_melee_katana_swipe_secondary
xanim,h1_wpn_melee_knuckle_knife_idle
xanim,h1_wpn_melee_knuckle_knife_inspect
xanim,h1_wpn_melee_knuckle_knife_pullout
xanim,h1_wpn_melee_knuckle_knife_pullout_first
xanim,h1_wpn_melee_knuckle_knife_pullout_quick
xanim,h1_wpn_melee_knuckle_knife_putaway
xanim,h1_wpn_melee_knuckle_knife_putaway_quick
xanim,h1_wpn_melee_knuckle_knife_sprint_in
xanim,h1_wpn_melee_knuckle_knife_sprint_loop
xanim,h1_wpn_melee_knuckle_knife_sprint_out
xanim,h1_wpn_melee_knuckle_knife_stab
xanim,h1_wpn_melee_knuckle_knife_stab_secondary
xanim,h1_wpn_melee_knuckle_knife_swipe
xanim,h1_wpn_melee_knuckle_knife_swipe_secondary
xanim,h1_wpn_melee_knuckleknife_mantle_33_over
xanim,h1_wpn_melee_knuckleknife_mantle_33_up
xanim,h1_wpn_melee_knuckleknife_mantle_39_over
xanim,h1_wpn_melee_knuckleknife_mantle_39_up
xanim,h1_wpn_melee_knuckleknife_mantle_45_over
xanim,h1_wpn_melee_knuckleknife_mantle_45_up
xanim,h1_wpn_melee_knuckleknife_mantle_51_over
xanim,h1_wpn_melee_knuckleknife_mantle_51_up
xanim,h1_wpn_melee_knuckleknife_mantle_57_over
xanim,h1_wpn_melee_knuckleknife_mantle_57_up
xanim,h1_wpn_melee_mace_idle
xanim,h1_wpn_melee_mace_inspect
xanim,h1_wpn_melee_mace_pullout
xanim,h1_wpn_melee_mace_pullout_first
xanim,h1_wpn_melee_mace_pullout_quick
xanim,h1_wpn_melee_mace_putaway
xanim,h1_wpn_melee_mace_putaway_quick
xanim,h1_wpn_melee_mace_sprint_in
xanim,h1_wpn_melee_mace_sprint_loop
xanim,h1_wpn_melee_mace_sprint_out
xanim,h1_wpn_melee_mace_stab
xanim,h1_wpn_melee_mace_stab_secondary
xanim,h1_wpn_melee_mace_swipe
xanim,h1_wpn_melee_mace_swipe_secondary
xanim,h1_wpn_melee_machete_idle
xanim,h1_wpn_melee_machete_inspect
xanim,h1_wpn_melee_machete_pullout
xanim,h1_wpn_melee_machete_pullout_first
xanim,h1_wpn_melee_machete_pullout_quick
xanim,h1_wpn_melee_machete_putaway
xanim,h1_wpn_melee_machete_putaway_quick
xanim,h1_wpn_melee_machete_sprint_in
xanim,h1_wpn_melee_machete_sprint_loop
xanim,h1_wpn_melee_machete_sprint_out
xanim,h1_wpn_melee_machete_stab
xanim,h1_wpn_melee_machete_stab_secondary
xanim,h1_wpn_melee_machete_swipe
xanim,h1_wpn_melee_machete_swipe_secondary
xanim,h1_wpn_melee_mantle_33_over
xanim,h1_wpn_melee_mantle_33_up
xanim,h1_wpn_melee_mantle_39_over
xanim,h1_wpn_melee_mantle_39_up
xanim,h1_wpn_melee_mantle_45_over
xanim,h1_wpn_melee_mantle_45_up
xanim,h1_wpn_melee_mantle_51_over
xanim,h1_wpn_melee_mantle_51_up
xanim,h1_wpn_melee_mantle_57_over
xanim,h1_wpn_melee_mantle_57_up
xanim,h1_wpn_melee_obsidian_knife_idle
xanim,h1_wpn_melee_obsidian_knife_inspect
xanim,h1_wpn_melee_obsidian_knife_pullout
xanim,h1_wpn_melee_obsidian_knife_pullout_first
xanim,h1_wpn_melee_obsidian_knife_pullout_quick
xanim,h1_wpn_melee_obsidian_knife_putaway
xanim,h1_wpn_melee_obsidian_knife_putaway_quick
xanim,h1_wpn_melee_obsidian_knife_sprint_in
xanim,h1_wpn_melee_obsidian_knife_sprint_loop
xanim,h1_wpn_melee_obsidian_knife_sprint_out
xanim,h1_wpn_melee_obsidian_knife_stab
xanim,h1_wpn_melee_obsidian_knife_stab_secondary
xanim,h1_wpn_melee_obsidian_knife_swipe
xanim,h1_wpn_melee_obsidian_knife_swipe_secondary
xanim,h1_wpn_melee_point_knife_inspect
xanim,h1_wpn_melee_point_knife_pullout_first
xanim,h1_wpn_melee_razor_idle
xanim,h1_wpn_melee_razor_inspect
xanim,h1_wpn_melee_razor_pullout
xanim,h1_wpn_melee_razor_pullout_first
xanim,h1_wpn_melee_razor_pullout_quick
xanim,h1_wpn_melee_razor_putaway
xanim,h1_wpn_melee_razor_putaway_quick
xanim,h1_wpn_melee_razor_sprint_in
xanim,h1_wpn_melee_razor_sprint_loop
xanim,h1_wpn_melee_razor_sprint_out
xanim,h1_wpn_melee_razor_stab
xanim,h1_wpn_melee_razor_stab_secondary
xanim,h1_wpn_melee_razor_swipe
xanim,h1_wpn_melee_razor_swipe_secondary
xanim,h1_wpn_melee_rpgdud_idle
xanim,h1_wpn_melee_rpgdud_inspect
xanim,h1_wpn_melee_rpgdud_pullout
xanim,h1_wpn_melee_rpgdud_pullout_first
xanim,h1_wpn_melee_rpgdud_pullout_quick
xanim,h1_wpn_melee_rpgdud_putaway
xanim,h1_wpn_melee_rpgdud_putaway_quick
xanim,h1_wpn_melee_rpgdud_sprint_in
xanim,h1_wpn_melee_rpgdud_sprint_loop
xanim,h1_wpn_melee_rpgdud_sprint_out
xanim,h1_wpn_melee_rpgdud_stab
xanim,h1_wpn_melee_rpgdud_stab_secondary
xanim,h1_wpn_melee_rpgdud_swipe
xanim,h1_wpn_melee_rpgdud_swipe_secondary
xanim,h1_wpn_melee_russian_hammer_idle
xanim,h1_wpn_melee_russian_hammer_inspect
xanim,h1_wpn_melee_russian_hammer_pullout
xanim,h1_wpn_melee_russian_hammer_pullout_first
xanim,h1_wpn_melee_russian_hammer_pullout_quick
xanim,h1_wpn_melee_russian_hammer_putaway
xanim,h1_wpn_melee_russian_hammer_putaway_quick
xanim,h1_wpn_melee_russian_hammer_sprint_in
xanim,h1_wpn_melee_russian_hammer_sprint_loop
xanim,h1_wpn_melee_russian_hammer_sprint_out
xanim,h1_wpn_melee_russian_hammer_stab
xanim,h1_wpn_melee_russian_hammer_stab_secondary
xanim,h1_wpn_melee_russian_hammer_swipe
xanim,h1_wpn_melee_russian_hammer_swipe_secondary
xanim,h1_wpn_melee_sawtooth_idle
xanim,h1_wpn_melee_sawtooth_inspect
xanim,h1_wpn_melee_sawtooth_pullout
xanim,h1_wpn_melee_sawtooth_pullout_first
xanim,h1_wpn_melee_sawtooth_pullout_quick
xanim,h1_wpn_melee_sawtooth_putaway
xanim,h1_wpn_melee_sawtooth_putaway_quick
xanim,h1_wpn_melee_sawtooth_sprint_in
xanim,h1_wpn_melee_sawtooth_sprint_loop
xanim,h1_wpn_melee_sawtooth_sprint_out
xanim,h1_wpn_melee_sawtooth_stab
xanim,h1_wpn_melee_sawtooth_stab_secondary
xanim,h1_wpn_melee_sawtooth_swipe
xanim,h1_wpn_melee_sawtooth_swipe_secondary
xanim,h1_wpn_melee_scimtar_idle
xanim,h1_wpn_melee_scimtar_inspect
xanim,h1_wpn_melee_scimtar_pullout
xanim,h1_wpn_melee_scimtar_pullout_first
xanim,h1_wpn_melee_scimtar_pullout_quick
xanim,h1_wpn_melee_scimtar_putaway
xanim,h1_wpn_melee_scimtar_putaway_quick
xanim,h1_wpn_melee_scimtar_sprint_in
xanim,h1_wpn_melee_scimtar_sprint_loop
xanim,h1_wpn_melee_scimtar_sprint_out
xanim,h1_wpn_melee_scimtar_stab
xanim,h1_wpn_melee_scimtar_stab_secondary
xanim,h1_wpn_melee_scimtar_swipe
xanim,h1_wpn_melee_scimtar_swipe_secondary
xanim,h1_wpn_melee_shillelagh_idle
xanim,h1_wpn_melee_shillelagh_inspect
xanim,h1_wpn_melee_shillelagh_pullout
xanim,h1_wpn_melee_shillelagh_pullout_first
xanim,h1_wpn_melee_shillelagh_pullout_quick
xanim,h1_wpn_melee_shillelagh_putaway
xanim,h1_wpn_melee_shillelagh_putaway_quick
xanim,h1_wpn_melee_shillelagh_sprint_in
xanim,h1_wpn_melee_shillelagh_sprint_loop
xanim,h1_wpn_melee_shillelagh_sprint_out
xanim,h1_wpn_melee_shillelagh_stab
xanim,h1_wpn_melee_shillelagh_stab_secondary
xanim,h1_wpn_melee_shillelagh_swipe
xanim,h1_wpn_melee_shillelagh_swipe_secondary
xanim,h1_wpn_melee_sickle_idle
xanim,h1_wpn_melee_sickle_idle_additive
xanim,h1_wpn_melee_sickle_inspect
xanim,h1_wpn_melee_sickle_pullout
xanim,h1_wpn_melee_sickle_pullout_first
xanim,h1_wpn_melee_sickle_pullout_quick
xanim,h1_wpn_melee_sickle_putaway
xanim,h1_wpn_melee_sickle_putaway_quick
xanim,h1_wpn_melee_sickle_sprint_in
xanim,h1_wpn_melee_sickle_sprint_loop
xanim,h1_wpn_melee_sickle_sprint_out
xanim,h1_wpn_melee_sickle_stab
xanim,h1_wpn_melee_sickle_stab_secondary
xanim,h1_wpn_melee_sickle_swipe
xanim,h1_wpn_melee_sickle_swipe_secondary
xanim,h1_wpn_melee_tac_shovel_idle
xanim,h1_wpn_melee_tac_shovel_inspect
xanim,h1_wpn_melee_tac_shovel_mantle_33_over
xanim,h1_wpn_melee_tac_shovel_mantle_33_up
xanim,h1_wpn_melee_tac_shovel_mantle_39_over
xanim,h1_wpn_melee_tac_shovel_mantle_39_up
xanim,h1_wpn_melee_tac_shovel_mantle_45_over
xanim,h1_wpn_melee_tac_shovel_mantle_45_up
xanim,h1_wpn_melee_tac_shovel_mantle_51_over
xanim,h1_wpn_melee_tac_shovel_mantle_51_up
xanim,h1_wpn_melee_tac_shovel_mantle_57_over
xanim,h1_wpn_melee_tac_shovel_mantle_57_up
xanim,h1_wpn_melee_tac_shovel_pullout
xanim,h1_wpn_melee_tac_shovel_pullout_first
xanim,h1_wpn_melee_tac_shovel_pullout_quick
xanim,h1_wpn_melee_tac_shovel_putaway
xanim,h1_wpn_melee_tac_shovel_putaway_quick
xanim,h1_wpn_melee_tac_shovel_sprint_in
xanim,h1_wpn_melee_tac_shovel_sprint_loop
xanim,h1_wpn_melee_tac_shovel_sprint_out
xanim,h1_wpn_melee_tac_shovel_stab
xanim,h1_wpn_melee_tac_shovel_stab_secondary
xanim,h1_wpn_melee_tac_shovel_swipe
xanim,h1_wpn_melee_tac_shovel_swipe_secondary
xanim,h1_wpn_melee_tac_wrench_idle
xanim,h1_wpn_melee_tac_wrench_inspect
xanim,h1_wpn_melee_tac_wrench_pullout_first
xanim,h1_wpn_melee_tac_wrench_pullout_quick
xanim,h1_wpn_melee_tac_wrench_putaway
xanim,h1_wpn_melee_tac_wrench_putaway_quick
xanim,h1_wpn_melee_tac_wrench_sprint_in
xanim,h1_wpn_melee_tac_wrench_sprint_loop
xanim,h1_wpn_melee_tac_wrench_sprint_out
xanim,h1_wpn_melee_tac_wrench_stab
xanim,h1_wpn_melee_tac_wrench_stab_secondary
xanim,h1_wpn_melee_tac_wrench_swipe
xanim,h1_wpn_melee_tac_wrench_swipe_secondary
xanim,h1_wpn_melee_tac_wrenchl_pullout
xanim,h1_wpn_melee_tribal_staff_idle
xanim,h1_wpn_melee_tribal_staff_inspect
xanim,h1_wpn_melee_tribal_staff_pullout
xanim,h1_wpn_melee_tribal_staff_pullout_first
xanim,h1_wpn_melee_tribal_staff_pullout_quick
xanim,h1_wpn_melee_tribal_staff_putaway
xanim,h1_wpn_melee_tribal_staff_putaway_quick
xanim,h1_wpn_melee_tribal_staff_sprint_in
xanim,h1_wpn_melee_tribal_staff_sprint_loop
xanim,h1_wpn_melee_tribal_staff_sprint_out
xanim,h1_wpn_melee_tribal_staff_stab
xanim,h1_wpn_melee_tribal_staff_stab_secondary
xanim,h1_wpn_melee_tribal_staff_swipe
xanim,h1_wpn_melee_tribal_staff_swipe_secondary
xanim,h1_wpn_melee_truckers_tool_idle
xanim,h1_wpn_melee_truckers_tool_inspect
xanim,h1_wpn_melee_truckers_tool_pullout
xanim,h1_wpn_melee_truckers_tool_pullout_first
xanim,h1_wpn_melee_truckers_tool_pullout_quick
xanim,h1_wpn_melee_truckers_tool_putaway
xanim,h1_wpn_melee_truckers_tool_putaway_quick
xanim,h1_wpn_melee_truckers_tool_sprint_in
xanim,h1_wpn_melee_truckers_tool_sprint_loop
xanim,h1_wpn_melee_truckers_tool_sprint_out
xanim,h1_wpn_melee_truckers_tool_stab
xanim,h1_wpn_melee_truckers_tool_stab_secondary
xanim,h1_wpn_melee_truckers_tool_swipe
xanim,h1_wpn_melee_truckers_tool_swipe_secondary
xanim,h1_wpn_pst_crawl_b
xanim,h1_wpn_pst_crawl_f
xanim,h1_wpn_pst_de50_ads_down
xanim,h1_wpn_pst_de50_ads_fire
xanim,h1_wpn_pst_de50_ads_up
xanim,h1_wpn_pst_de50_empty_additive
xanim,h1_wpn_pst_de50_empty_additive_l
xanim,h1_wpn_pst_de50_empty_additive_r
xanim,h1_wpn_pst_de50_fire
xanim,h1_wpn_pst_de50_fire_l
xanim,h1_wpn_pst_de50_fire_last_l
xanim,h1_wpn_pst_de50_fire_last_r
xanim,h1_wpn_pst_de50_fire_r
xanim,h1_wpn_pst_de50_idle
xanim,h1_wpn_pst_de50_idle_l
xanim,h1_wpn_pst_de50_idle_r
xanim,h1_wpn_pst_de50_inspect
xanim,h1_wpn_pst_de50_inspect_l
xanim,h1_wpn_pst_de50_inspect_r
xanim,h1_wpn_pst_de50_lastfire
xanim,h1_wpn_pst_de50_nvg_puton
xanim,h1_wpn_pst_de50_nvg_takeoff
xanim,h1_wpn_pst_de50_pullout
xanim,h1_wpn_pst_de50_pullout_l
xanim,h1_wpn_pst_de50_pullout_r
xanim,h1_wpn_pst_de50_putaway
xanim,h1_wpn_pst_de50_putaway_l
xanim,h1_wpn_pst_de50_putaway_r
xanim,h1_wpn_pst_de50_reload
xanim,h1_wpn_pst_de50_reload_empty
xanim,h1_wpn_pst_de50_reload_empty_l
xanim,h1_wpn_pst_de50_reload_empty_r
xanim,h1_wpn_pst_de50_reload_l
xanim,h1_wpn_pst_de50_reload_r
xanim,h1_wpn_pst_de50_sprint_in
xanim,h1_wpn_pst_de50_sprint_in_l
xanim,h1_wpn_pst_de50_sprint_in_r
xanim,h1_wpn_pst_de50_sprint_loop
xanim,h1_wpn_pst_de50_sprint_loop_l
xanim,h1_wpn_pst_de50_sprint_loop_r
xanim,h1_wpn_pst_de50_sprint_out
xanim,h1_wpn_pst_de50_sprint_out_l
xanim,h1_wpn_pst_de50_sprint_out_r
xanim,h1_wpn_pst_de50_walk_f
xanim,h1_wpn_pst_luger_ads_down
xanim,h1_wpn_pst_luger_ads_fire
xanim,h1_wpn_pst_luger_ads_up
xanim,h1_wpn_pst_luger_empty_additive
xanim,h1_wpn_pst_luger_fire
xanim,h1_wpn_pst_luger_fire_last
xanim,h1_wpn_pst_luger_idle
xanim,h1_wpn_pst_luger_inspect
xanim,h1_wpn_pst_luger_pullout
xanim,h1_wpn_pst_luger_pullout_first
xanim,h1_wpn_pst_luger_putaway
xanim,h1_wpn_pst_luger_reload
xanim,h1_wpn_pst_luger_reload_empty
xanim,h1_wpn_pst_luger_sprint_in
xanim,h1_wpn_pst_luger_sprint_loop
xanim,h1_wpn_pst_luger_sprint_out
xanim,h1_wpn_pst_m1911_additive_l
xanim,h1_wpn_pst_m1911_additive_r
xanim,h1_wpn_pst_m1911_ads_down
xanim,h1_wpn_pst_m1911_ads_fire
xanim,h1_wpn_pst_m1911_ads_up
xanim,h1_wpn_pst_m1911_empty_additive
xanim,h1_wpn_pst_m1911_fire
xanim,h1_wpn_pst_m1911_fire_l
xanim,h1_wpn_pst_m1911_fire_last_l
xanim,h1_wpn_pst_m1911_fire_last_r
xanim,h1_wpn_pst_m1911_fire_r
xanim,h1_wpn_pst_m1911_idle
xanim,h1_wpn_pst_m1911_idle_l
xanim,h1_wpn_pst_m1911_idle_r
xanim,h1_wpn_pst_m1911_inspect
xanim,h1_wpn_pst_m1911_inspect_l
xanim,h1_wpn_pst_m1911_inspect_r
xanim,h1_wpn_pst_m1911_lastfire
xanim,h1_wpn_pst_m1911_pullout
xanim,h1_wpn_pst_m1911_pullout_l
xanim,h1_wpn_pst_m1911_pullout_r
xanim,h1_wpn_pst_m1911_putaway
xanim,h1_wpn_pst_m1911_putaway_l
xanim,h1_wpn_pst_m1911_putaway_r
xanim,h1_wpn_pst_m1911_reload
xanim,h1_wpn_pst_m1911_reload_empty
xanim,h1_wpn_pst_m1911_reload_empty_l
xanim,h1_wpn_pst_m1911_reload_empty_r
xanim,h1_wpn_pst_m1911_reload_l
xanim,h1_wpn_pst_m1911_reload_r
xanim,h1_wpn_pst_m1911_sprint_in
xanim,h1_wpn_pst_m1911_sprint_in_l
xanim,h1_wpn_pst_m1911_sprint_in_r
xanim,h1_wpn_pst_m1911_sprint_loop
xanim,h1_wpn_pst_m1911_sprint_loop_l
xanim,h1_wpn_pst_m1911_sprint_loop_r
xanim,h1_wpn_pst_m1911_sprint_out
xanim,h1_wpn_pst_m1911_sprint_out_l
xanim,h1_wpn_pst_m1911_sprint_out_r
xanim,h1_wpn_pst_m9_ads_down
xanim,h1_wpn_pst_m9_ads_fire
xanim,h1_wpn_pst_m9_ads_up
xanim,h1_wpn_pst_m9_empty_additive
xanim,h1_wpn_pst_m9_empty_additive_l
xanim,h1_wpn_pst_m9_empty_additive_r
xanim,h1_wpn_pst_m9_fire
xanim,h1_wpn_pst_m9_fire_l
xanim,h1_wpn_pst_m9_fire_r
xanim,h1_wpn_pst_m9_idle
xanim,h1_wpn_pst_m9_idle_empty
xanim,h1_wpn_pst_m9_idle_l
xanim,h1_wpn_pst_m9_idle_r
xanim,h1_wpn_pst_m9_inspect
xanim,h1_wpn_pst_m9_inspect_l
xanim,h1_wpn_pst_m9_inspect_r
xanim,h1_wpn_pst_m9_lastfire
xanim,h1_wpn_pst_m9_lastfire_l
xanim,h1_wpn_pst_m9_lastfire_r
xanim,h1_wpn_pst_m9_pullout
xanim,h1_wpn_pst_m9_pullout_empty
xanim,h1_wpn_pst_m9_pullout_l
xanim,h1_wpn_pst_m9_pullout_r
xanim,h1_wpn_pst_m9_putaway
xanim,h1_wpn_pst_m9_putaway_empty
xanim,h1_wpn_pst_m9_putaway_l
xanim,h1_wpn_pst_m9_putaway_r
xanim,h1_wpn_pst_m9_reload
xanim,h1_wpn_pst_m9_reload_empty
xanim,h1_wpn_pst_m9_reload_empty_l
xanim,h1_wpn_pst_m9_reload_empty_r
xanim,h1_wpn_pst_m9_reload_l
xanim,h1_wpn_pst_m9_reload_r
xanim,h1_wpn_pst_m9_sprint_in
xanim,h1_wpn_pst_m9_sprint_in_l
xanim,h1_wpn_pst_m9_sprint_in_r
xanim,h1_wpn_pst_m9_sprint_loop
xanim,h1_wpn_pst_m9_sprint_loop_l
xanim,h1_wpn_pst_m9_sprint_loop_r
xanim,h1_wpn_pst_m9_sprint_out
xanim,h1_wpn_pst_m9_sprint_out_l
xanim,h1_wpn_pst_m9_sprint_out_r
xanim,h1_wpn_pst_magnum_ads_down
xanim,h1_wpn_pst_magnum_ads_fire
xanim,h1_wpn_pst_magnum_ads_up
xanim,h1_wpn_pst_magnum_fire
xanim,h1_wpn_pst_magnum_fire_l
xanim,h1_wpn_pst_magnum_fire_r
xanim,h1_wpn_pst_magnum_idle
xanim,h1_wpn_pst_magnum_idle_additive
xanim,h1_wpn_pst_magnum_idle_l
xanim,h1_wpn_pst_magnum_idle_r
xanim,h1_wpn_pst_magnum_inspect
xanim,h1_wpn_pst_magnum_inspect_l
xanim,h1_wpn_pst_magnum_inspect_r
xanim,h1_wpn_pst_magnum_pullout
xanim,h1_wpn_pst_magnum_pullout_l
xanim,h1_wpn_pst_magnum_pullout_r
xanim,h1_wpn_pst_magnum_putaway
xanim,h1_wpn_pst_magnum_putaway_l
xanim,h1_wpn_pst_magnum_putaway_r
xanim,h1_wpn_pst_magnum_reload
xanim,h1_wpn_pst_magnum_reload_l
xanim,h1_wpn_pst_magnum_reload_r
xanim,h1_wpn_pst_magnum_sprint_in
xanim,h1_wpn_pst_magnum_sprint_in_l
xanim,h1_wpn_pst_magnum_sprint_in_r
xanim,h1_wpn_pst_magnum_sprint_loop
xanim,h1_wpn_pst_magnum_sprint_loop_l
xanim,h1_wpn_pst_magnum_sprint_loop_r
xanim,h1_wpn_pst_magnum_sprint_out
xanim,h1_wpn_pst_magnum_sprint_out_l
xanim,h1_wpn_pst_magnum_sprint_out_r
xanim,h1_wpn_pst_prokolot_ads_down
xanim,h1_wpn_pst_prokolot_ads_fire
xanim,h1_wpn_pst_prokolot_ads_up
xanim,h1_wpn_pst_prokolot_empty_additive
xanim,h1_wpn_pst_prokolot_fire
xanim,h1_wpn_pst_prokolot_fire_last
xanim,h1_wpn_pst_prokolot_idle
xanim,h1_wpn_pst_prokolot_inspect
xanim,h1_wpn_pst_prokolot_pullout
xanim,h1_wpn_pst_prokolot_putaway
xanim,h1_wpn_pst_prokolot_reload
xanim,h1_wpn_pst_prokolot_reload_empty
xanim,h1_wpn_pst_prokolot_sprint_in
xanim,h1_wpn_pst_prokolot_sprint_loop
xanim,h1_wpn_pst_prokolot_sprint_out
xanim,h1_wpn_pst_usp_ads_down
xanim,h1_wpn_pst_usp_ads_fire
xanim,h1_wpn_pst_usp_ads_up
xanim,h1_wpn_pst_usp_empty_additive
xanim,h1_wpn_pst_usp_empty_additive_l
xanim,h1_wpn_pst_usp_empty_additive_r
xanim,h1_wpn_pst_usp_fire
xanim,h1_wpn_pst_usp_fire_l
xanim,h1_wpn_pst_usp_fire_last_l
xanim,h1_wpn_pst_usp_fire_last_r
xanim,h1_wpn_pst_usp_fire_r
xanim,h1_wpn_pst_usp_idle
xanim,h1_wpn_pst_usp_idle_empty
xanim,h1_wpn_pst_usp_idle_l
xanim,h1_wpn_pst_usp_idle_r
xanim,h1_wpn_pst_usp_inspect
xanim,h1_wpn_pst_usp_inspect_l
xanim,h1_wpn_pst_usp_inspect_r
xanim,h1_wpn_pst_usp_lastfire
xanim,h1_wpn_pst_usp_pullout
xanim,h1_wpn_pst_usp_pullout_l
xanim,h1_wpn_pst_usp_pullout_r
xanim,h1_wpn_pst_usp_putaway
xanim,h1_wpn_pst_usp_putaway_l
xanim,h1_wpn_pst_usp_putaway_r
xanim,h1_wpn_pst_usp_reload
xanim,h1_wpn_pst_usp_reload_empty
xanim,h1_wpn_pst_usp_reload_empty_l
xanim,h1_wpn_pst_usp_reload_empty_r
xanim,h1_wpn_pst_usp_reload_l
xanim,h1_wpn_pst_usp_reload_r
xanim,h1_wpn_pst_usp_sprint_in
xanim,h1_wpn_pst_usp_sprint_in_l
xanim,h1_wpn_pst_usp_sprint_in_r
xanim,h1_wpn_pst_usp_sprint_loop
xanim,h1_wpn_pst_usp_sprint_loop_l
xanim,h1_wpn_pst_usp_sprint_loop_r
xanim,h1_wpn_pst_usp_sprint_out
xanim,h1_wpn_pst_usp_sprint_out_l
xanim,h1_wpn_pst_usp_sprint_out_r
xanim,h1_wpn_pst_walk_f
xanim,h1_wpn_sho_kam12_ads_down
xanim,h1_wpn_sho_kam12_ads_fire
xanim,h1_wpn_sho_kam12_ads_up
xanim,h1_wpn_sho_kam12_fire
xanim,h1_wpn_sho_kam12_grip_ads_fire
xanim,h1_wpn_sho_kam12_grip_fire
xanim,h1_wpn_sho_kam12_grip_idle
xanim,h1_wpn_sho_kam12_grip_inspect
xanim,h1_wpn_sho_kam12_grip_pullout
xanim,h1_wpn_sho_kam12_grip_pullout_first
xanim,h1_wpn_sho_kam12_grip_pullout_quick
xanim,h1_wpn_sho_kam12_grip_putaway
xanim,h1_wpn_sho_kam12_grip_putaway_quick
xanim,h1_wpn_sho_kam12_grip_reload
xanim,h1_wpn_sho_kam12_grip_reload_empty
xanim,h1_wpn_sho_kam12_grip_settle
xanim,h1_wpn_sho_kam12_grip_sprint_in
xanim,h1_wpn_sho_kam12_grip_sprint_loop
xanim,h1_wpn_sho_kam12_grip_sprint_out
xanim,h1_wpn_sho_kam12_idle
xanim,h1_wpn_sho_kam12_inspect
xanim,h1_wpn_sho_kam12_pullout
xanim,h1_wpn_sho_kam12_pullout_first
xanim,h1_wpn_sho_kam12_pullout_quick
xanim,h1_wpn_sho_kam12_putaway
xanim,h1_wpn_sho_kam12_putaway_quick
xanim,h1_wpn_sho_kam12_recoil
xanim,h1_wpn_sho_kam12_reflex_ads_down
xanim,h1_wpn_sho_kam12_reflex_ads_up
xanim,h1_wpn_sho_kam12_reload
xanim,h1_wpn_sho_kam12_reload_empty
xanim,h1_wpn_sho_kam12_settle
xanim,h1_wpn_sho_kam12_sprint_in
xanim,h1_wpn_sho_kam12_sprint_loop
xanim,h1_wpn_sho_kam12_sprint_out
xanim,h1_wpn_sho_m1014_ads_down
xanim,h1_wpn_sho_m1014_ads_fire
xanim,h1_wpn_sho_m1014_ads_up
xanim,h1_wpn_sho_m1014_fire
xanim,h1_wpn_sho_m1014_fire_last
xanim,h1_wpn_sho_m1014_grip_ads_fire
xanim,h1_wpn_sho_m1014_grip_fire
xanim,h1_wpn_sho_m1014_grip_fire_last
xanim,h1_wpn_sho_m1014_grip_idle
xanim,h1_wpn_sho_m1014_grip_inspect
xanim,h1_wpn_sho_m1014_grip_pullout
xanim,h1_wpn_sho_m1014_grip_pullout_quick
xanim,h1_wpn_sho_m1014_grip_putaway
xanim,h1_wpn_sho_m1014_grip_putaway_quick
xanim,h1_wpn_sho_m1014_grip_reload_end
xanim,h1_wpn_sho_m1014_grip_reload_loop
xanim,h1_wpn_sho_m1014_grip_reload_start
xanim,h1_wpn_sho_m1014_grip_sprint_in
xanim,h1_wpn_sho_m1014_grip_sprint_loop
xanim,h1_wpn_sho_m1014_grip_sprint_out
xanim,h1_wpn_sho_m1014_idle
xanim,h1_wpn_sho_m1014_inspect
xanim,h1_wpn_sho_m1014_pullout
xanim,h1_wpn_sho_m1014_pullout_quick
xanim,h1_wpn_sho_m1014_putaway
xanim,h1_wpn_sho_m1014_putaway_quick
xanim,h1_wpn_sho_m1014_reflex_ads_down
xanim,h1_wpn_sho_m1014_reflex_ads_up
xanim,h1_wpn_sho_m1014_reload_end
xanim,h1_wpn_sho_m1014_reload_loop
xanim,h1_wpn_sho_m1014_reload_start
xanim,h1_wpn_sho_m1014_sprint_in
xanim,h1_wpn_sho_m1014_sprint_loop
xanim,h1_wpn_sho_m1014_sprint_out
xanim,h1_wpn_sho_ranger_crawl_b_l
xanim,h1_wpn_sho_ranger_crawl_b_r
xanim,h1_wpn_sho_ranger_crawl_f_l
xanim,h1_wpn_sho_ranger_crawl_f_r
xanim,h1_wpn_sho_ranger_crawl_in_l
xanim,h1_wpn_sho_ranger_crawl_in_r
xanim,h1_wpn_sho_ranger_fire
xanim,h1_wpn_sho_ranger_fire_l
xanim,h1_wpn_sho_ranger_fire_r
xanim,h1_wpn_sho_ranger_idle
xanim,h1_wpn_sho_ranger_idle_l
xanim,h1_wpn_sho_ranger_idle_r
xanim,h1_wpn_sho_ranger_inspect
xanim,h1_wpn_sho_ranger_inspect_l
xanim,h1_wpn_sho_ranger_inspect_r
xanim,h1_wpn_sho_ranger_mantle_33_over
xanim,h1_wpn_sho_ranger_mantle_33_up
xanim,h1_wpn_sho_ranger_mantle_39_over
xanim,h1_wpn_sho_ranger_mantle_39_up
xanim,h1_wpn_sho_ranger_mantle_45_over
xanim,h1_wpn_sho_ranger_mantle_45_up
xanim,h1_wpn_sho_ranger_mantle_51_over
xanim,h1_wpn_sho_ranger_mantle_51_up
xanim,h1_wpn_sho_ranger_mantle_57_over
xanim,h1_wpn_sho_ranger_mantle_57_up
xanim,h1_wpn_sho_ranger_pullout
xanim,h1_wpn_sho_ranger_pullout_first
xanim,h1_wpn_sho_ranger_pullout_first_l
xanim,h1_wpn_sho_ranger_pullout_first_r
xanim,h1_wpn_sho_ranger_pullout_l
xanim,h1_wpn_sho_ranger_pullout_quick
xanim,h1_wpn_sho_ranger_pullout_r
xanim,h1_wpn_sho_ranger_putaway
xanim,h1_wpn_sho_ranger_putaway_l
xanim,h1_wpn_sho_ranger_putaway_quick
xanim,h1_wpn_sho_ranger_putaway_r
xanim,h1_wpn_sho_ranger_reload
xanim,h1_wpn_sho_ranger_reload_l
xanim,h1_wpn_sho_ranger_reload_r
xanim,h1_wpn_sho_ranger_sprint_in
xanim,h1_wpn_sho_ranger_sprint_in_l
xanim,h1_wpn_sho_ranger_sprint_in_r
xanim,h1_wpn_sho_ranger_sprint_loop
xanim,h1_wpn_sho_ranger_sprint_loop_l
xanim,h1_wpn_sho_ranger_sprint_loop_r
xanim,h1_wpn_sho_ranger_sprint_out
xanim,h1_wpn_sho_ranger_sprint_out_l
xanim,h1_wpn_sho_ranger_sprint_out_r
xanim,h1_wpn_sho_w1200_ads_down
xanim,h1_wpn_sho_w1200_ads_fire
xanim,h1_wpn_sho_w1200_ads_up
xanim,h1_wpn_sho_w1200_fire
xanim,h1_wpn_sho_w1200_grip_ads_fire
xanim,h1_wpn_sho_w1200_grip_fire
xanim,h1_wpn_sho_w1200_grip_idle
xanim,h1_wpn_sho_w1200_grip_inspect
xanim,h1_wpn_sho_w1200_grip_pullout
xanim,h1_wpn_sho_w1200_grip_pullout_quick
xanim,h1_wpn_sho_w1200_grip_putaway
xanim,h1_wpn_sho_w1200_grip_putaway_quick
xanim,h1_wpn_sho_w1200_grip_rechamber
xanim,h1_wpn_sho_w1200_grip_reload_end
xanim,h1_wpn_sho_w1200_grip_reload_loop
xanim,h1_wpn_sho_w1200_grip_reload_start
xanim,h1_wpn_sho_w1200_grip_sprint_in
xanim,h1_wpn_sho_w1200_grip_sprint_loop
xanim,h1_wpn_sho_w1200_grip_sprint_out
xanim,h1_wpn_sho_w1200_idle
xanim,h1_wpn_sho_w1200_idle_additive
xanim,h1_wpn_sho_w1200_inspect
xanim,h1_wpn_sho_w1200_pullout
xanim,h1_wpn_sho_w1200_pullout_quick
xanim,h1_wpn_sho_w1200_putaway
xanim,h1_wpn_sho_w1200_putaway_quick
xanim,h1_wpn_sho_w1200_rechamber
xanim,h1_wpn_sho_w1200_reflex_ads_down
xanim,h1_wpn_sho_w1200_reflex_ads_up
xanim,h1_wpn_sho_w1200_reload_end
xanim,h1_wpn_sho_w1200_reload_loop
xanim,h1_wpn_sho_w1200_reload_start
xanim,h1_wpn_sho_w1200_sprint_in
xanim,h1_wpn_sho_w1200_sprint_loop
xanim,h1_wpn_sho_w1200_sprint_out
xanim,h1_wpn_smg_ak74u_acog_ads_down
xanim,h1_wpn_smg_ak74u_acog_ads_fire
xanim,h1_wpn_smg_ak74u_acog_ads_up
xanim,h1_wpn_smg_ak74u_ads_down
xanim,h1_wpn_smg_ak74u_ads_fire
xanim,h1_wpn_smg_ak74u_ads_up
xanim,h1_wpn_smg_ak74u_fire
xanim,h1_wpn_smg_ak74u_idle
xanim,h1_wpn_smg_ak74u_inspect
xanim,h1_wpn_smg_ak74u_pullout
xanim,h1_wpn_smg_ak74u_pullout_first
xanim,h1_wpn_smg_ak74u_pullout_quick
xanim,h1_wpn_smg_ak74u_putaway
xanim,h1_wpn_smg_ak74u_putaway_quick
xanim,h1_wpn_smg_ak74u_recoil
xanim,h1_wpn_smg_ak74u_reflex_ads_down
xanim,h1_wpn_smg_ak74u_reflex_ads_up
xanim,h1_wpn_smg_ak74u_reload
xanim,h1_wpn_smg_ak74u_reload_empty
xanim,h1_wpn_smg_ak74u_settle
xanim,h1_wpn_smg_ak74u_sprint_in
xanim,h1_wpn_smg_ak74u_sprint_loop
xanim,h1_wpn_smg_ak74u_sprint_out
xanim,h1_wpn_smg_crawl_b
xanim,h1_wpn_smg_crawl_f
xanim,h1_wpn_smg_fang45_acog_ads_down
xanim,h1_wpn_smg_fang45_acog_ads_fire
xanim,h1_wpn_smg_fang45_acog_ads_up
xanim,h1_wpn_smg_fang45_ads_down
xanim,h1_wpn_smg_fang45_ads_fire
xanim,h1_wpn_smg_fang45_ads_up
xanim,h1_wpn_smg_fang45_empty_additive
xanim,h1_wpn_smg_fang45_fire
xanim,h1_wpn_smg_fang45_fire_last
xanim,h1_wpn_smg_fang45_idle
xanim,h1_wpn_smg_fang45_inspect
xanim,h1_wpn_smg_fang45_pullout
xanim,h1_wpn_smg_fang45_pullout_first
xanim,h1_wpn_smg_fang45_pullout_quick
xanim,h1_wpn_smg_fang45_putaway
xanim,h1_wpn_smg_fang45_putaway_quick
xanim,h1_wpn_smg_fang45_recoil
xanim,h1_wpn_smg_fang45_reflex_ads_down
xanim,h1_wpn_smg_fang45_reflex_ads_up
xanim,h1_wpn_smg_fang45_reload
xanim,h1_wpn_smg_fang45_reload_empty
xanim,h1_wpn_smg_fang45_settle
xanim,h1_wpn_smg_fang45_sprint_in
xanim,h1_wpn_smg_fang45_sprint_loop
xanim,h1_wpn_smg_fang45_sprint_out
xanim,h1_wpn_smg_mac10_acog_ads_down
xanim,h1_wpn_smg_mac10_acog_ads_fire
xanim,h1_wpn_smg_mac10_acog_ads_fire_last
xanim,h1_wpn_smg_mac10_acog_ads_up
xanim,h1_wpn_smg_mac10_ads_down
xanim,h1_wpn_smg_mac10_ads_fire
xanim,h1_wpn_smg_mac10_ads_fire_last
xanim,h1_wpn_smg_mac10_ads_up
xanim,h1_wpn_smg_mac10_empty_additive
xanim,h1_wpn_smg_mac10_fire
xanim,h1_wpn_smg_mac10_fire_last
xanim,h1_wpn_smg_mac10_idle
xanim,h1_wpn_smg_mac10_inspect
xanim,h1_wpn_smg_mac10_pullout
xanim,h1_wpn_smg_mac10_putaway
xanim,h1_wpn_smg_mac10_recoil
xanim,h1_wpn_smg_mac10_reflex_ads_down
xanim,h1_wpn_smg_mac10_reflex_ads_up
xanim,h1_wpn_smg_mac10_reload
xanim,h1_wpn_smg_mac10_reload_empty
xanim,h1_wpn_smg_mac10_settle
xanim,h1_wpn_smg_mac10_sprint_in
xanim,h1_wpn_smg_mac10_sprint_loop
xanim,h1_wpn_smg_mac10_sprint_out
xanim,h1_wpn_smg_miniuzi_acog_ads_down
xanim,h1_wpn_smg_miniuzi_acog_ads_fire
xanim,h1_wpn_smg_miniuzi_acog_ads_up
xanim,h1_wpn_smg_miniuzi_ads_down
xanim,h1_wpn_smg_miniuzi_ads_fire
xanim,h1_wpn_smg_miniuzi_ads_up
xanim,h1_wpn_smg_miniuzi_fire
xanim,h1_wpn_smg_miniuzi_idle
xanim,h1_wpn_smg_miniuzi_inspect
xanim,h1_wpn_smg_miniuzi_pullout
xanim,h1_wpn_smg_miniuzi_putaway
xanim,h1_wpn_smg_miniuzi_recoil
xanim,h1_wpn_smg_miniuzi_reflex_ads_down
xanim,h1_wpn_smg_miniuzi_reflex_ads_up
xanim,h1_wpn_smg_miniuzi_reload
xanim,h1_wpn_smg_miniuzi_reload_empty
xanim,h1_wpn_smg_miniuzi_settle
xanim,h1_wpn_smg_miniuzi_sprint_in
xanim,h1_wpn_smg_miniuzi_sprint_loop
xanim,h1_wpn_smg_miniuzi_sprint_out
xanim,h1_wpn_smg_mp5_acog_ads_down
xanim,h1_wpn_smg_mp5_acog_ads_fire
xanim,h1_wpn_smg_mp5_acog_ads_up
xanim,h1_wpn_smg_mp5_ads_down
xanim,h1_wpn_smg_mp5_ads_fire
xanim,h1_wpn_smg_mp5_ads_up
xanim,h1_wpn_smg_mp5_empty_additive
xanim,h1_wpn_smg_mp5_fire
xanim,h1_wpn_smg_mp5_idle
xanim,h1_wpn_smg_mp5_inspect
xanim,h1_wpn_smg_mp5_pullout
xanim,h1_wpn_smg_mp5_pullout_quick
xanim,h1_wpn_smg_mp5_putaway
xanim,h1_wpn_smg_mp5_putaway_quick
xanim,h1_wpn_smg_mp5_recoil
xanim,h1_wpn_smg_mp5_reflex_ads_down
xanim,h1_wpn_smg_mp5_reflex_ads_up
xanim,h1_wpn_smg_mp5_reload
xanim,h1_wpn_smg_mp5_reload_empty
xanim,h1_wpn_smg_mp5_sd_ads_fire
xanim,h1_wpn_smg_mp5_sd_fire
xanim,h1_wpn_smg_mp5_sd_idle
xanim,h1_wpn_smg_mp5_sd_inspect
xanim,h1_wpn_smg_mp5_sd_pullout
xanim,h1_wpn_smg_mp5_sd_pullout_quick
xanim,h1_wpn_smg_mp5_sd_putaway
xanim,h1_wpn_smg_mp5_sd_putaway_quick
xanim,h1_wpn_smg_mp5_sd_reload
xanim,h1_wpn_smg_mp5_sd_reload_empty
xanim,h1_wpn_smg_mp5_sd_settle
xanim,h1_wpn_smg_mp5_sd_sprint_in
xanim,h1_wpn_smg_mp5_sd_sprint_loop
xanim,h1_wpn_smg_mp5_sd_sprint_out
xanim,h1_wpn_smg_mp5_settle
xanim,h1_wpn_smg_mp5_sprint_in
xanim,h1_wpn_smg_mp5_sprint_loop
xanim,h1_wpn_smg_mp5_sprint_out
xanim,h1_wpn_smg_p90_acog_ads_down
xanim,h1_wpn_smg_p90_acog_ads_fire
xanim,h1_wpn_smg_p90_acog_ads_up
xanim,h1_wpn_smg_p90_ads_down
xanim,h1_wpn_smg_p90_ads_fire
xanim,h1_wpn_smg_p90_ads_up
xanim,h1_wpn_smg_p90_fire
xanim,h1_wpn_smg_p90_idle
xanim,h1_wpn_smg_p90_inspect
xanim,h1_wpn_smg_p90_jump
xanim,h1_wpn_smg_p90_land
xanim,h1_wpn_smg_p90_land_heavy
xanim,h1_wpn_smg_p90_prone_drop
xanim,h1_wpn_smg_p90_pullout
xanim,h1_wpn_smg_p90_pullout_first
xanim,h1_wpn_smg_p90_putaway
xanim,h1_wpn_smg_p90_putaway_quick
xanim,h1_wpn_smg_p90_recoil
xanim,h1_wpn_smg_p90_reflex_ads_down
xanim,h1_wpn_smg_p90_reflex_ads_up
xanim,h1_wpn_smg_p90_reload
xanim,h1_wpn_smg_p90_reload_empty
xanim,h1_wpn_smg_p90_settle
xanim,h1_wpn_smg_p90_sprint_in
xanim,h1_wpn_smg_p90_sprint_loop
xanim,h1_wpn_smg_p90_sprint_out
xanim,h1_wpn_smg_p90_walk_f
xanim,h1_wpn_smg_psd9_acog_ads_down
xanim,h1_wpn_smg_psd9_acog_ads_fire
xanim,h1_wpn_smg_psd9_acog_ads_up
xanim,h1_wpn_smg_psd9_ads_down
xanim,h1_wpn_smg_psd9_ads_fire
xanim,h1_wpn_smg_psd9_ads_up
xanim,h1_wpn_smg_psd9_empty_additive
xanim,h1_wpn_smg_psd9_fire
xanim,h1_wpn_smg_psd9_fire_last
xanim,h1_wpn_smg_psd9_idle
xanim,h1_wpn_smg_psd9_inspect
xanim,h1_wpn_smg_psd9_pullout
xanim,h1_wpn_smg_psd9_pullout_first
xanim,h1_wpn_smg_psd9_pullout_quick
xanim,h1_wpn_smg_psd9_putaway
xanim,h1_wpn_smg_psd9_putaway_quick
xanim,h1_wpn_smg_psd9_recoil
xanim,h1_wpn_smg_psd9_reflex_ads_down
xanim,h1_wpn_smg_psd9_reflex_ads_up
xanim,h1_wpn_smg_psd9_reload
xanim,h1_wpn_smg_psd9_reload_empty
xanim,h1_wpn_smg_psd9_settle
xanim,h1_wpn_smg_psd9_sprint_in
xanim,h1_wpn_smg_psd9_sprint_loop
xanim,h1_wpn_smg_psd9_sprint_out
xanim,h1_wpn_smg_skorpion_acog_ads_down
xanim,h1_wpn_smg_skorpion_acog_ads_fire
xanim,h1_wpn_smg_skorpion_acog_ads_up
xanim,h1_wpn_smg_skorpion_ads_down
xanim,h1_wpn_smg_skorpion_ads_fire
xanim,h1_wpn_smg_skorpion_ads_up
xanim,h1_wpn_smg_skorpion_fire
xanim,h1_wpn_smg_skorpion_idle
xanim,h1_wpn_smg_skorpion_inspect
xanim,h1_wpn_smg_skorpion_pullout
xanim,h1_wpn_smg_skorpion_putaway
xanim,h1_wpn_smg_skorpion_recoil
xanim,h1_wpn_smg_skorpion_reflex_ads_down
xanim,h1_wpn_smg_skorpion_reflex_ads_up
xanim,h1_wpn_smg_skorpion_reload
xanim,h1_wpn_smg_skorpion_reload_empty
xanim,h1_wpn_smg_skorpion_settle
xanim,h1_wpn_smg_skorpion_sprint_in
xanim,h1_wpn_smg_skorpion_sprint_loop
xanim,h1_wpn_smg_skorpion_sprint_out
xanim,h1_wpn_smg_walk_f
xanim,h1_wpn_sni_dmr25_acog_ads_down
xanim,h1_wpn_sni_dmr25_acog_ads_fire
xanim,h1_wpn_sni_dmr25_acog_ads_up
xanim,h1_wpn_sni_dmr25_ads_down
xanim,h1_wpn_sni_dmr25_ads_fire
xanim,h1_wpn_sni_dmr25_ads_up
xanim,h1_wpn_sni_dmr25_fire
xanim,h1_wpn_sni_dmr25_idle
xanim,h1_wpn_sni_dmr25_inspect
xanim,h1_wpn_sni_dmr25_pullout
xanim,h1_wpn_sni_dmr25_pullout_quick
xanim,h1_wpn_sni_dmr25_putaway
xanim,h1_wpn_sni_dmr25_putaway_quick
xanim,h1_wpn_sni_dmr25_reload
xanim,h1_wpn_sni_dmr25_reload_empty
xanim,h1_wpn_sni_dmr25_sprint_in
xanim,h1_wpn_sni_dmr25_sprint_loop
xanim,h1_wpn_sni_dmr25_sprint_out
xanim,h1_wpn_sni_dragunov_acog_ads_down
xanim,h1_wpn_sni_dragunov_acog_ads_fire
xanim,h1_wpn_sni_dragunov_acog_ads_up
xanim,h1_wpn_sni_dragunov_ads_down
xanim,h1_wpn_sni_dragunov_ads_fire
xanim,h1_wpn_sni_dragunov_ads_up
xanim,h1_wpn_sni_dragunov_fire
xanim,h1_wpn_sni_dragunov_idle
xanim,h1_wpn_sni_dragunov_inspect
xanim,h1_wpn_sni_dragunov_pullout
xanim,h1_wpn_sni_dragunov_pullout_quick
xanim,h1_wpn_sni_dragunov_putaway
xanim,h1_wpn_sni_dragunov_putaway_quick
xanim,h1_wpn_sni_dragunov_reload
xanim,h1_wpn_sni_dragunov_reload_empty
xanim,h1_wpn_sni_dragunov_sprint_in
xanim,h1_wpn_sni_dragunov_sprint_loop
xanim,h1_wpn_sni_dragunov_sprint_out
xanim,h1_wpn_sni_m21_acog_ads_down
xanim,h1_wpn_sni_m21_acog_ads_up
xanim,h1_wpn_sni_m21_ads_down
xanim,h1_wpn_sni_m21_ads_up
xanim,h1_wpn_sni_m21_reload
xanim,h1_wpn_sni_m21_reload_empty
xanim,h1_wpn_sni_m40a3_acog_ads_down
xanim,h1_wpn_sni_m40a3_acog_ads_fire
xanim,h1_wpn_sni_m40a3_acog_ads_rechamber
xanim,h1_wpn_sni_m40a3_acog_ads_up
xanim,h1_wpn_sni_m40a3_ads_down
xanim,h1_wpn_sni_m40a3_ads_fire
xanim,h1_wpn_sni_m40a3_ads_rechamber
xanim,h1_wpn_sni_m40a3_ads_up
xanim,h1_wpn_sni_m40a3_empty_additive
xanim,h1_wpn_sni_m40a3_fire
xanim,h1_wpn_sni_m40a3_idle
xanim,h1_wpn_sni_m40a3_inspect
xanim,h1_wpn_sni_m40a3_pullout
xanim,h1_wpn_sni_m40a3_pullout_quick
xanim,h1_wpn_sni_m40a3_putaway
xanim,h1_wpn_sni_m40a3_putaway_quick
xanim,h1_wpn_sni_m40a3_rechamber
xanim,h1_wpn_sni_m40a3_reload_end
xanim,h1_wpn_sni_m40a3_reload_loop
xanim,h1_wpn_sni_m40a3_reload_start
xanim,h1_wpn_sni_m40a3_sprint_in
xanim,h1_wpn_sni_m40a3_sprint_loop
xanim,h1_wpn_sni_m40a3_sprint_out
xanim,h1_wpn_sni_m82_acog_ads_down
xanim,h1_wpn_sni_m82_acog_ads_fire
xanim,h1_wpn_sni_m82_acog_ads_up
xanim,h1_wpn_sni_m82_ads_down
xanim,h1_wpn_sni_m82_ads_fire
xanim,h1_wpn_sni_m82_ads_up
xanim,h1_wpn_sni_m82_fire
xanim,h1_wpn_sni_m82_idle
xanim,h1_wpn_sni_m82_inspect
xanim,h1_wpn_sni_m82_pullout
xanim,h1_wpn_sni_m82_pullout_quick
xanim,h1_wpn_sni_m82_putaway
xanim,h1_wpn_sni_m82_putaway_quick
xanim,h1_wpn_sni_m82_reload
xanim,h1_wpn_sni_m82_reload_empty
xanim,h1_wpn_sni_m82_sprint_in
xanim,h1_wpn_sni_m82_sprint_loop
xanim,h1_wpn_sni_m82_sprint_out
xanim,h1_wpn_sni_r700_acog_ads_down
xanim,h1_wpn_sni_r700_acog_ads_fire
xanim,h1_wpn_sni_r700_acog_ads_rechamber
xanim,h1_wpn_sni_r700_acog_ads_up
xanim,h1_wpn_sni_r700_ads_down
xanim,h1_wpn_sni_r700_ads_fire
xanim,h1_wpn_sni_r700_ads_rechamber
xanim,h1_wpn_sni_r700_ads_up
xanim,h1_wpn_sni_r700_fire
xanim,h1_wpn_sni_r700_idle
xanim,h1_wpn_sni_r700_inspect
xanim,h1_wpn_sni_r700_pullout
xanim,h1_wpn_sni_r700_pullout_quick
xanim,h1_wpn_sni_r700_putaway
xanim,h1_wpn_sni_r700_putaway_quick
xanim,h1_wpn_sni_r700_rechamber
xanim,h1_wpn_sni_r700_reload_end
xanim,h1_wpn_sni_r700_reload_loop
xanim,h1_wpn_sni_r700_reload_start
xanim,h1_wpn_sni_r700_sprint_in
xanim,h1_wpn_sni_r700_sprint_loop
xanim,h1_wpn_sni_r700_sprint_out
xanim,h1_wpn_sni_tac330_acog_ads_down
xanim,h1_wpn_sni_tac330_acog_ads_fire
xanim,h1_wpn_sni_tac330_acog_ads_fire_last
xanim,h1_wpn_sni_tac330_acog_ads_rechamber
xanim,h1_wpn_sni_tac330_acog_ads_up
xanim,h1_wpn_sni_tac330_ads_down
xanim,h1_wpn_sni_tac330_ads_fire
xanim,h1_wpn_sni_tac330_ads_fire_last
xanim,h1_wpn_sni_tac330_ads_rechamber
xanim,h1_wpn_sni_tac330_ads_up
xanim,h1_wpn_sni_tac330_empty_additive
xanim,h1_wpn_sni_tac330_fire
xanim,h1_wpn_sni_tac330_fire_last
xanim,h1_wpn_sni_tac330_idle
xanim,h1_wpn_sni_tac330_inspect
xanim,h1_wpn_sni_tac330_pullout
xanim,h1_wpn_sni_tac330_pullout_quick
xanim,h1_wpn_sni_tac330_putaway
xanim,h1_wpn_sni_tac330_putaway_quick
xanim,h1_wpn_sni_tac330_rechamber
xanim,h1_wpn_sni_tac330_reload
xanim,h1_wpn_sni_tac330_reload_empty
xanim,h1_wpn_sni_tac330_sprint_in
xanim,h1_wpn_sni_tac330_sprint_loop
xanim,h1_wpn_sni_tac330_sprint_out
xanim,h1_wpn_lmg_rpd_reflex_ads_down
xanim,h1_wpn_lmg_rpd_reflex_ads_up

xmodel,viewhands_h1_usmc_desert_mp_camo
xmodel,viewhands_h1_arab_desert
xmodel,viewhands_h1_arab_desert_fullsleeves_mp_camo
xmodel,viewhands_h1_arab_desert_mp_camo
xmodel,viewhands_h1_sas_ct
xmodel,viewhands_h1_sas_ct_mp_camo
xmodel,viewhands_h1_sas_ct_mp_camo_wet
xmodel,viewhands_h1_sas_woodland
xmodel,viewhands_h1_sas_woodland_ghillie
xmodel,viewhands_h1_sas_woodland_ghillie_mp_camo
xmodel,viewhands_h1_sas_woodland_mp_camo
xmodel,viewhands_h1_sas_woodland_mp_camo_wet
xmodel,viewhands_h1_sas_woodland_wet
xmodel,viewhands_h1_spetsnaz
xmodel,viewhands_h1_spetsnaz_ghillie
xmodel,viewhands_h1_spetsnaz_ghillie_mp_camo
xmodel,viewhands_h1_spetsnaz_mp_camo
xmodel,viewhands_h1_spetsnaz_mp_camo_wet
xmodel,viewhands_h1_spetsnaz_urban
xmodel,viewhands_h1_spetsnaz_urban_mp_camo
xmodel,viewhands_h1_spetsnaz_urban_mp_camo_wet
xmodel,viewhands_h1_spetsnaz_wet
xmodel,viewhands_h1_usmc_ghillie
