weapon,c4
weapon,claymore
weapon,rpg_survival
weapon,beretta
weapon,usp
weapon,deserteagle
weapon,glock
weapon,tmp
weapon,pp2000
weapon,ump45
weapon,uzi
weapon,kriss
weapon,p90
weapon,m240
weapon,mg4
weapon,rpd
weapon,sa80
weapon,m4_grunt
weapon,m16_basic
weapon,scar_h
weapon,masada
weapon,ak47
weapon,tavor_reflex
weapon,fal_reflex
weapon,aug_reflex_arctic
weapon,famas_arctic
weapon,model1887
weapon,aa12
weapon,spas12
weapon,ranger
weapon,striker
weapon,cheytac
weapon,dragunov
weapon,m21_scoped_cloth_silenced
weapon,wa2000
weapon,barrett
weapon,mp5_survival
weapon,coltanaconda_survival
weapon,riotshield